Word,Count
the,1994
to,964
*,817
a,721
for,645
of,603
is,577
and,441
,431
if,408
in,389
or,383
this,376
License,327
with,321
be,278
not,269
it,264
The,254
we,252
file,231
by,211
return,205
under,189
=,187
that,184
GNU,172
This,171
path,164
as,164
from,160
program,158
@param,152
on,152
an,151
have,147
distributed,146
selector,138
-,138
you,136
General,135
will,134
Public,134
string,131
all,131
copy,125
See,123
check,122
#,122
more,120
may,117
one,115
function,112
end,112
can,111
Copyright,110
should,108
{,106
version,105
are,103
list,102
any,99
but,99
only,98
create,98
},95
Match,95
<<,95
Software,94
value,94
ANY,92
Diaz,90
get,90
A,86
WITHOUT,85
do,85
You,85
OR,85
use,85
either,84
parse,81
valid,80
implied,78
no,78
skip,78
sass,78
error,77
2013,76
If,76
\License,\,76
char*,75
content,74
given,73
free,72
first,71
print,69
functions,69
Apache,68
==,67
at,67
const,66
selectors,65
ruby,65
letter,65
code,65
without,64
latin,64
some,63
see,63
context,63
does,61
has,60
FOR,59
even,59
into,59
add,59
OF,58
block,57
line,56
used,56
callback,55
===,54
specific,54
later,53
comment,53
char,52
3,51
namespace,51
result,51
FITNESS,51
PARTICULAR,51
stream,50
new,50
CSS,49
job,49
units,49
last,49
next,48
buffer,48
output,48
remove,48
parent,48
@return,48
and/or,48
(C),47
PURPOSE,47
set,46
your,46
&&,46
details,46
hope,46
THE,46
import,46
modify,46
\2012,\,45
Antonio,45
convert,45
software:,45
settings,45
work,45
\2010,\,45
\2011,\,45
\2009,\,45
software,45
WARRANTY;,44
\useful,\,44
memory,44
MERCHANTABILITY,44
license,44
warranty,44
null,44
include,43
additional,43
Free,43
information,43
(at,43
match,43
\not,\,42
copyright,42
redistribute,42
received,42
\2006,\,42
must,42
along,42
\2008,\,42
small,42
\2007,\,42
published,42
option),42
(the,42
\Foundation,\,42
terms,42
<http://www.gnu.org/licenses/>,42
\KIND,\,41
WARRANTIES,41
Character,41
\"\AS\,41
NAN,41
object,40
language,40
Optical,40
Recognition,40
there,40
position,40
other,40
else,40
TODO:,40
\2005,\,40
single,40
Ocrad,39
+,39
required,39
comments,39
name,39
ownership,39
resource,38
\"\\,38
custom,38
chars,38
node,38
entry,38
character,38
number,38
current,38
\2004,\,38
\2003,\,38
except,37
paths,37
class,37
stack,37
Version,37
i,37
Getters,37
which,36
up,36
need,36
once,36
empty,36
Licensed,36
make,35
source,35
\IS"\\,34
ToDo:,34
Unless,34
2.0,34
agreements,34
capital,34
permissions,34
Foundation,34
case,34
(ASF),34
compliance,34
input,34
http://www.apache.org/licenses/LICENSE-2.0,34
applicable,34
render,34
\writing,\,34
agreed,34
\BASIS,\,34
governing,34
limitations,34
CONDITIONS,34
contributor,34
call,34
obtain,34
ASF,34
NOTICE,34
express,34
licenses,34
found,34
since,34
law,34
regarding,34
\"\License"\);\,34
EO,33
then,33
options,33
arguments,33
characters,33
now,32
sure,32
it's,32
here,32
after,32
out,32
process,32
sequence,31
so,31
try,31
token,31
over,31
when,30
our,30
before,30
library,29
maybe,29
done,29
type,29
--,29
find,29
<,28
argument,28
NODE_MODULE_VERSION,28
data,28
IN,28
via,28
expression,28
values,28
also,27
how,27
helper,27
just,27
was,27
setters,27
//,27
double,26
bitmap,26
like,26
already,26
equivalent,26
invoke,26
them,25
utf8,25
left,25
css,25
final,25
base,25
invalid,25
1,25
SOFTWARE,25
array,25
possible,25
right,25
static,25
true,24
want,24
lex,24
same,24
handle,24
lists,24
compare,23
Returns,23
strings,23
(c),23
relative,23
MIT,23
back,23
0,23
map,23
two,23
files,23
:,23
),23
point,23
text,22
>=,22
option,22
quoted,22
seems,22
Sass,22
start,22
Node.js,22
Node,22
following,22
needed,22
between,22
until,22
side,22
>,22
=>,22
whitespace,22
assert_equal,22
simple,21
spec,21
append,21
Additional,21
open,21
pass,21
another,21
returned,21
move,21
schema,21
We,21
default,21
Check,21
I,20
<https://github.com/nodejs/nan/blob/master/LICENSE.md>,20
********************************************************************,20
appPlant,20
they,20
types,20
vector,20
contributors,20
2018,20
state,20
Native,20
items,20
false,20
complex,20
merged,20
segment,20
head,20
GmbH,20
Abstractions,20
don't,20
*******************************************************************,19
equivalent:,19
inside,19
tail,19
called,19
never,19
tests,19
\Software,\,19
unless,19
exist,19
extend,19
resolved,19
directory,19
Regex,19
generic,19
keep,19
above,19
its,19
rest,19
optional,19
reset,18
absolute,18
than,18
load,18
something,18
combinator,18
####################################,18
res://,18
operator,18
each,18
parser,18
update,18
src),18
rhs,18
advance,17
main,17
count,17
always,17
importer,17
operations,17
every,17
returns,17
abort,17
while,17
byte,17
loop,17
0;,17
errors,17
An,17
NOLINT(build/include),17
initial,17
order,17
throw,17
actually,17
look,17
test,17
unit,17
offset,16
ast,16
property,16
imp,16
root,16
nodes,16
sequence<,16
||,16
C++,16
src);,16
correctly,16
could,16
factor,16
able,16
probably,16
color,16
works,16
space,16
store,16
interpolants,16
Statement_Ptr,16
libsass,15
actual,15
handling,15
delimiter,15
otherwise,15
blob,15
constructor,15
conversion,15
thread,15
wrap,15
around,15
parsed,15
hand,15
directly,15
parsing,15
length,15
transform,15
OTHER,15
search,14
link,14
yet,14
2,14
SebastiÃ¡n,14
operators,14
asset,14
very,14
>(src);,14
copies,14
flag,14
view,14
key,14
ruby's,14
IO,14
results,14
op2,14
Katzer,14
range,14
implementation,14
Creates,14
nested,14
plugin,14
references,14
adapter,14
o,14
eval,14
tails,14
special,14
struct,14
implement,14
For,14
closer,14
base64://,14
headers,14
Prints,14
size,14
[],13
resulting,13
got,13
Decodes,13
pointer,13
might,13
access,13
both,13
replace,13
quotes,13
children,13
env,13
part,13
scope,13
means,13
available,13
void,13
keywords,13
go,13
cannot,13
been,13
frame,13
defined,13
opener,13
instance,13
Looks,13
Complex_Selector,13
original,13
where,13
these,13
e,13
using,13
directive,13
true;,13
\[],\,13
white-space,13
variable,13
method,12
multiple,12
resolve,12
freed,12
def,12
diaeresis,12
\function,\,12
filename,12
equal,12
n,12
inner,12
prefix,12
know,12
compiler,12
\file://,\,12
Functions,12
src,12
interpolant,12
control,12
way,12
compound,12
whole,12
page,12
surrogate,12
covered,12
hit,12
uri,12
item,12
lines,12
pstate,12
FUNCTIONS,12
Opens,12
String,12
condition,12
AND,12
///////////////,12
acute,12
register,12
blocks,12
derivative,12
much,11
colon,11
assertion,11
positive,11
x,11
meaningfull,11
names,11
keyword,11
c,11
UTF-8,11
query,11
throws,11
against,11
trailing,11
pair,11
NOT,11
lhs,11
mark,11
identifier,11
included,11
sign,11
really,11
printing,11
args,11
iterator,11
Bitmap,11
|,11
bool,11
index,11
associated,11
IOJS_3_0_MODULE_VERSION,11
common,11
longer,11
syntax,11
op1,11
resources,11
traces,11
close,11
afterwards,11
compile,11
zero,11
everything,11
collection,11
subject,11
generated,11
requires,11
statements,11
statement,10
===================================================================,10
blobs,10
escaped,10
(no,10
colors,10
would,10
why,10
about,10
HTML,10
quote,10
compilation,10
superselector,10
V8,10
FIXME,10
res.unshift,10
full,10
AST,10
delayed,10
grave,10
arbitrary,10
NOLINT(runtime/explicit),10
expressions,10
/,10
stuff,10
!=,10
message,10
combinators,10
\>,\,10
linefeed,10
real,10
such,10
allocate,10
circumflex,10
still,10
Object,10
objects,10
List,10
break,10
pointers,10
header,10
application,10
too,10
sequences,10
lower,10
read,10
methods,10
us,10
reference,10
s,10
[NodeCollection],10
Ruby,10
Return,10
different,10
fallback,10
/////////////////////////////////////////////////////////////////////,10
pseudo,10
newline,10
web,10
style,10
anymore,10
certain,10
plus,10
Make,10
modified,9
negative,9
caller,9
subsequence,9
subset_map,9
invoked,9
decode,9
time,9
behavior,9
away,9
their,9
It,9
evaluated,9
unicode,9
slashes,9
mode,9
constants,9
issue,9
provided,9
old,9
bytes,9
extended,9
+=,9
through,9
4,9
arrays,9
because,9
std::cerr,9
parameters,9
Unicode,9
wrapped,9
referenced,9
Use,9
we're,9
tree,9
indentation,9
\use,\,9
within,9
y,9
apply,9
write,9
JavaScript,9
dispatch,9
global,9
u,9
support,9
heads,9
strm,9
..,8
strip,8
interpolated,8
Set,8
///////////////////////////////////////////////////////////////////////////,8
bracket,8
restriction,8
form,8
versions,8
contains,8
multiline,8
hash,8
markup,8
literal,8
virtual,8
cast,8
did,8
\so,\,8
interpolation,8
interpolations,8
//////////////////////////////////////////////////////////////////////////,8
expected,8
avoid,8
put,8
most,8
ascii,8
column,8
Create,8
executable,8
based,8
dot,8
interpolate,8
delimited,8
lexer,8
Function,8
verified,8
###########################################################################,8
printer,8
written,8
specified,8
\singleton,\,8
cases,8
elements,8
lexical,8
binary,8
directives,8
flush,8
boundary,8
////////////////////////////////////////////////////////////////////,8
pretty,8
befores,8
unreachable,8
sources,8
XXX,8
image,8
opening,8
including,8
hole,8
operation,8
Uri,8
doesn't,8
define,8
arr,8
logical,8
overload,8
Creator,8
//////////////////////////////////////////////////////////////////////,8
lengths,8
hold,8
private,8
These,8
**,8
includes,8
Constructor,8
windows,8
level,8
printable,8
abstract,8
deal,8
remember,8
);,8
outside,8
///////////////////////////////////////////////////////////////////////,8
macros,8
vertical,8
table,8
declared,7
EXPRESS,7
auto,7
importers,7
isn't,7
accumulate,7
permit,7
debug,7
vectors,7
spaces,7
<=,7
Typedef,7
regular,7
ind,7
WHETHER,7
forward,7
sort,7
environment,7
op,7
itself,7
preserve,7
flatten,7
\granted,\,7
allocated,7
off,7
\LIABILITY,\,7
furnished,7
\CONTRACT,\,7
whom,7
seq2),7
WARRANTY,7
TORT,7
escape,7
obtaining,7
flattened,7
unwrap,7
NO,7
PROVIDED,7
supplied,7
\MERCHANTABILITY,\,7
allow,7
URL,7
leading,7
looks,7
document,7
LIABLE,7
word,7
TO,7
Permission,7
ARISING,7
holes,7
Setters,7
COPYRIGHT,7
declaration,7
'~',7
\distribute,\,7
BUT,7
maps,7
there's,7
SHALL,7
if(,7
scopes,7
exactly,7
\file,\,7
inline,7
delete,7
second,7
mandatory,7
\OTHERWISE,\,7
occur,7
safe,7
nothing,7
trim,7
problem,7
USE,7
env);,7
converted,7
BE,7
Number,7
think,7
passed,7
\charge,\,7
comma,7
normal,7
\[1,\,7
parentheses,7
overwrite,7
All,7
octets,7
DEALINGS,7
WITH,7
classes,7
prefixes,7
person,7
helpers,7
HOLDERS,7
top,7
internally,7
hereby,7
necessary,7
\IMPLIED,\,7
non,7
OUT,7
Recognizes,7
anything,7
variables,7
rules,7
take,7
lexed,7
increase,7
DAMAGES,7
\OperationError,\,7
(0,7
bit,7
documentation,7
INCLUDING,7
CONNECTION,7
big,7
(don't,7
standard,7
lookup,7
\FROM,\,7
NODE_9_0_MODULE_VERSION,7
enough,7
IS,7
\IS"\,\,7
LIMITED,7
Abstract,7
shouldn't,7
hex,7
EVENT,7
status,7
needs,7
structure,6
clear,6
0),6
extension,6
rights,6
existing,6
anyway,6
members,6
\"\]"\;\,6
parameter,6
B,6
NAN_JSON_H_NEED_STRINGIFY,6
consume,6
////////////////////////////,6
tempResult,6
properties,6
};,6
uses,6
//////////////////,6
correct,6
plain,6
matches,6
system,6
JSON,6
past,6
To,6
unknown,6
levels,6
entries,6
approach,6
c++,6
`x`,6
early,6
\5],\,6
notice,6
manipulation,6
ones,6
built-ins,6
app,6
elsif,6
Remove,6
separator,6
contexts,6
cause,6
filter,6
Page_image,6
nonempty,6
Helper,6
(1,6
universal,6
what,6
(,6
s;,6
calls,6
Sends,6
tag,6
=================================================================,6
tilde,6
denominator,6
zero-width,6
due,6
//////////////////////////////////////////////,6
colons,6
execute,6
scheduled,6
it),6
size_t,6
run,6
terminated,6
longest,6
etc,6
cerr,6
keys,6
compressed,6
In,6
assignment,6
entire,6
child,6
compatible,6
starts,6
unrecognized,6
Do,6
pixel,6
permission,6
Algorithm,6
inform,6
When,6
internal,6
negation,6
allowed,6
those,6
down,6
JS,6
',6
Disallow,6
portable,6
s1,6
getter,6
\[2,\,6
Minimal,6
compiled,6
reduced,6
basically,6
Rational,6
////////////////////////////////////////////////////////////////////////////////////////,6
(add,6
async,6
let,6
during,6
followed,6
RUBY:,6
jobName,6
max,6
sass2scss,6
Boolean,6
angle,6
unsigned,6
subsequences,6
Get,6
join,6
clean,6
cwd,6
three,6
extending,6
C,6
branch,6
expectation,6
Compound_Selector,6
mixin,6
own,6
1;,6
Deallocate,6
XXX:,6
matching,6
action,6
\copy,\,6
produce,6
urls,6
aren't,6
quote_mark,6
lead,6
allows,6
warning,5
conditions,5
extra,5
.a,5
\},\,5
string::npos),5
vars,5
takes,5
switch,5
==============================================================================,5
expensive,5
RGB,5
hasher,5
locale,5
semicolon,5
loaded,5
upper,5
\3,\,5
matcher,5
closing,5
therefore,5
begin,5
slash,5
fixed,5
DEBUG,5
success,5
implemented,5
marks,5
force,5
(for,5
\Set[1,\,5
filled,5
param,5
(ToDo:,5
External,5
peek,5
strange,5
ignore,5
declarations,5
Selector,5
info,5
\sel2,\,5
makes,5
\selector,\,5
writable,5
split,5
related,5
place,5
hyphens,5
Disable,5
algorithm,5
report,5
Common,5
(or,5
Push,5
now),5
(if,5
again,5
generate,5
easier,5
MSVC,5
CSS3,5
handles,5
skipping,5
black,5
||=,5
drop,5
BASIC,5
expand,5
non-option,5
changed,5
\"\);\,5
exact,5
had,5
lookahead,5
instantiate,5
Level,5
unary,5
\exported,\,5
represents,5
Sass_Values,5
previous,5
accompanying,5
\merge_final_ops(seq1,\,5
\@ssm.get(Set[1,\,5
equality,5
matter,5
fix,5
override,5
source-maps,5
counter,5
callbacks,5
Native_Function,5
relational,5
pseudo-elements,5
returning,5
NAN_JSON_H_NEED_PARSE,5
\sel1,\,5
\part,\,5
Deallocator,5
macro,5
template,5
lcs,5
imports,5
\[["\Foo"\,\,5
Print,5
@extend,5
C-API,5
Assert,5
optimize,5
Sass_Context,5
Getter,5
delimiters,5
/(#{URLCHAR}*?)(#{W}\)|#\{)/,5
fetch,5
format,5
(but,5
four,5
Forward,5
logic,5
overhead,5
follow,5
ensure,5
&,5
ParserState,5
prepare,5
points,5
preceding,5
API,5
identifiers,5
numerator,5
times,5
adjust,5
clone,5
media,5
3.2.19,5
(maybe,5
s),5
change,5
named,5
\11,\,5
Sass_List,5
Type,5
well,5
added,5
trying,5
ID,5
seq2,5
separate,5
counted,5
plugins,5
int,5
arithmetic,5
local,5
contain,5
__cplusplus,5
==================================================================,5
protocol,5
b,5
accept,5
evaluation,5
std::string,5
handler,5
'>',5
NOLINT(build/include_what_you_use),5
tabs,5
ctx,5
MATCHERS,5
============================================================,4
further,4
\execute,\,4
\Specifically,\,4
std::ostream&,4
\file:///,\,4
numbers,4
Any,4
ppm,4
{|s|,4
attribute-matching,4
\case,\,4
\"\\n"\\,4
cut,4
choose,4
evaluate,4
\string,\,4
exists,4
going,4
stop,4
skips,4
Array,4
extensions,4
diff,4
//////////////////////////////////////////////////////,4
Closes,4
As,4
account,4
guard,4
invalidate,4
parses,4
worker,4
Computes,4
transmit,4
0},4
insensitive,4
////////////////,4
\exception,\,4
cancel,4
one-line,4
extern,4
frequency,4
tried,4
seq1,4
\optional_spaces,\,4
cedilla,4
happen),4
area,4
underscore,4
temporary,4
\spaces,\,4
init,4
white,4
derived,4
links,4
row,4
representation,4
So,4
typedefs,4
Initializes,4
resolutions,4
dynamic,4
converter,4
implementations,4
\strm,\,4
alpha,4
\"\,\,4
initialize,4
\space,\,4
exception,4
element_needs_parens,4
s2,4
prepend,4
file:///,4
\"\Software"\)\,4
shall,4
json,4
(should,4
\sel1.unify(sel2.members,\,4
linked,4
///////////////////////////////////////////////,4
pSelector,4
solve,4
exceptions,4
file://,4
\statement,\,4
'l',4
++i),4
best,4
normally,4
[0-9]+),4
blank,4
Provides,4
////////////////////////,4
\disclaimer,\,4
eqivalent,4
arg,4
leftover,4
(which,4
bottom,4
circular,4
iterators,4
endl;,4
(like,4
overload:,4
starting,4
placed,4
(*p,4
controller,4
\seq2,\,4
represent,4
brace,4
pgm,4
notation,4
utils,4
\identifier,\,4
problems,4
guess,4
\line,\,4
framework,4
Take,4
for(,4
c-tor,4
\4,\,4
escapes,4
consumed,4
ordinal,4
iteration,4
hard,4
use:,4
==>,4
inside_str,4
declare,4
Argument,4
io,4
\reproduce,\,4
\std::unordered_map<Expression_Obj,\,4
Arg_parser,4
\Set["\fizz"\,\,4
better,4
////////////////////////////////////////////////////////,4
\:bar,\,4
separated,4
'-',4
/////////////////////////////////////////////////,4
contents,4
-->,4
//////////////////////////////////////////////////////////,4
user,4
\executable,\,4
params,4
Env*,4
Add,4
[NodeCollection<NodeCollection<Node>>],4
gap,4
bell,4
substring,4
group,4
operands,4
re-thrown,4
caron,4
(utis),4
high,4
DISTRIBUTING,4
naming,4
solely,4
definition,4
prelexer,4
Succeeds,4
[].flatten,4
guaranteed,4
thrown,4
instead,4
has_reference(true);,4
pairs,4
third-parties,4
won't,4
passing,4
matchers,4
//////////////////////,4
delegate,4
is_alpha,4
NON-INFRINGEMENT,4
////////////////////////////////////,4
pseudo-class,4
based),4
sel2.subject?),4
checks,4
TITLE,4
long,4
rule,4
D,4
2006,4
alternatives<,4
I'm,4
created,4
machine-executable,4
queries,4
raw,4
\PURPOSE,\,4
Second,4
adapted,4
Handle,4
release,4
\list,\,4
multi-line,4
octet,4
beginning,4
quotation,4
ANYONE,4
Sass_Compiler,4
indent,4
//////////////////////////////////////////////////,4
unwrapped,4
IMPROVEMENT:,4
body,4
`y`,4
r,4
(copied,4
\grant,\,4
///////////////////////////////////,4
sub,4
step,4
UTF-16,4
following:,4
notices,4
0..blocks-1,4
member,4
templates,4
public,4
zero_plus<,4
model,4
Sass::Util.flatten,4
/////////////////,4
processor,4
Just,4
increment,4
ancestor,4
RTTI,4
users,4
callee,4
//////////////,4
But,4
primitive,4
Trifunovic,4
PDF,4
collections,4
per,4
p,4
kind,4
-1,4
Nemanja,4
\"\REGEX"\\,4
fully,4
filesystem,4
need_space,4
comparing,4
limit,4
operator<<(std::ostream&,4
\2,\,4
/////////////////////////////,4
organization,4
making,4
\display,\,4
2013-2016,4
arglist,4
reasons,4
assert,4
\12,\,4
technique,4
isMoreSpecificInner,4
stage,4
were,4
care,4
introduced,4
(e.g,4
EXTENDED,4
intended,4
reserved,4
\other,\,4
\pstate,\,4
unification,4
backslashes,4
\"\fazz"\]]],\,4
heap,4
charset,4
succeeds,4
ops1,4
\restriction,\,4
specificity,4
encoding,4
Note,4
opens,4
Fast,4
\bytes,\,4
however,4
===========================================================,4
\e.g.,\,4
res),3
id,3
inspection,3
\(i.e.,\,3
porting,3
Not,3
consider,3
space/linefeed,3
(constructor,3
compilers,3
Ruby:,3
qualifiers,3
\X="\\,3
\DEBUG_PRINTLN(EXTEND_COMPOUND,\,3
Media,3
Blue,3
(peek,3
writing,3
list),3
bug,3
leave,3
\2]]],\,3
rv.found,3
encoded,3
(mostly,3
pattern,3
boundaries,3
Recommendation,3
max_spec,3
ambiguous,3
working,3
width,3
distinguish,3
chunk2,3
\merge,\,3
address,3
functional,3
\/url\(#{W}(#{URLCHAR}*?)(#{W}\)|#\{)/,\,3
turn,3
exit,3
subclasses,3
\DEBUG_PRINTLN(LCS,\,3
placeholder,3
Color,3
choices,3
Parse,3
duplicate,3
recognized,3
creates,3
\@ssm[Set[:foo,\,3
faster,3
alphanumeric,3
Block_Obj,3
requested,3
dummy,3
\10,\,3
sourceMappingUrl,3
\functions,\,3
\"\:"\;\,3
(process,3
seq1.shift,3
comparision,3
Validate,3
arrs,3
Green,3
strict,3
\CLAIM,\,3
Equivalent:,3
ops2.first,3
pixel;,3
STL,3
There,3
defaults),3
end_of_file,3
seqs,3
XXXX,3
false;,3
1111,3
less,3
having,3
SassTypes::Value,3
Insert,3
processed,3
\it,\,3
many,3
\string_re('',\,3
Also,3
numeric,3
compress,3
benefit,3
desired,3
enum,3
replaced,3
equals,3
taken,3
T,3
'a',3
[]),3
element,3
Clone,3
Executes,3
complete,3
return;,3
ctype,3
ACTION,3
Path,3
\sublicense,\,3
math,3
quadratic,3
optional<,3
\"\static"\\,3
short,3
deque,3
seqs2,3
base64,3
Script,3
forget,3
accessible,3
\[3,\,3
unterminated,3
goes,3
HSL,3
\chunks(seq1,\,3
containing,3
checking,3
checked,3
13]],3
sourcemap,3
den,3
Lists,3
Must,3
getters,3
across,3
nesting,3
+/-,3
merge),3
\too,\,3
[[]],3
Convenience,3
\position,\,3
0x80..0xBF,3
Maybe,3
Since,3
'I',3
url,3
unified,3
unlimited,3
fit,3
Whether,3
structs,3
\number,\,3
interesting,3
concat,3
progress,3
seq2.shift,3
subsequent,3
DLL,3
combinations,3
inc,3
\"\fazz"\])\,3
prefixed,3
{},3
noise,3
unused,3
\far,\,3
\error,\,3
turned,3
#include,3
fixes,3
connect,3
T>,3
\container,\,3
below,3
Template,3
def->block();,3
processing,3
Test,3
1),3
conditions:,3
consistency,3
\"\Software"\),\,3
++i,3
(will,3
fold,3
\publish,\,3
\Set[:foo,\,3
Sass_Value,3
\0,\,3
command,3
Uses,3
>(q)),3
RAWBITS,3
distribute,3
lib,3
calling,3
completely,3
Selectors,3
semicolons,3
causes,3
Deprecated,3
\(e.g.,\,3
NONINFRINGEMENT,3
later),3
q;,3
comparison,3
OK,3
[Array],3
\resource,\,3
\Set[10,\,3
scss,3
compared,3
=====================================================================,3
recognize,3
wrapper,3
opt,3
7.0,3
unquote,3
moves,3
Tries,3
codepoints,3
manually,3
DEBUG_PRINTLN,3
Don't,3
schemas,3
console,3
\modify,\,3
sometimes,3
unique,3
feeds,3
compatibility,3
Mixin,3
:after,3
Local<>,3
#define,3
ops2),3
event,3
ops2,3
persons,3
config,3
Blob,3
undefined,3
NULL,3
parentSeqClone,3
representing,3
threshold,3
(and,3
(utf16),3
substantial,3
Extend,3
>();,3
somewhere,3
{|p|,3
\Y="\\,3
target,3
can't,3
generation,3
\down,\,3
\@ssm.get(Set["\fizz"\,\,3
ruleset,3
var,3
nulls,3
warnings,3
last_current,3
ranges,3
Selector_List,3
overlong,3
integer,3
rulesets,3
\12]],\,3
\one,\,3
sass',3
placeholders,3
superscript,3
.pdb,3
AsyncResource,3
(unless,3
delay,3
come,3
HERE,3
doing,3
\@ssm[Set[10,\,3
def->native_function();,3
attribute,3
assign,3
Plugin,3
Simple,3
half,3
non-empty,3
letters,3
pCollection,3
\"\fuzz"\])\,3
l,3
func,3
mean,3
(not,3
simply,3
\right,\,3
things,3
Invalid,3
domain,3
trigger,3
\i.e.,\,3
std::endl;,3
\1,\,3
descriptors,3
building,3
reach,3
incompatibleUnits,3
exactly<'/'>,3
Is,3
limitation,3
hcenter(),3
fractional,3
ops,3
we'll,3
initialization,3
libuv,3
\quoted_string,\,3
ns,3
Attribute,3
being,3
unix,3
illegal,3
Sass),3
12]],3
(also,3
Red,3
separation,3
naive,3
100,3
AUTHORS,3
scan,3
rows,3
ending,3
First,3
left;,3
\here,\,3
extract,3
continue;,3
gaps,3
magic,3
utf16,3
loopStart,3
AST_Node_Ptr,3
chance,3
AN,3
finish,3
\traces,\,3
portions,3
holding,3
boolean,3
Filter,3
normalize,3
\'~',\,3
printComplexSelectorDeque,3
sell,3
Expression_Ptr,3
though),3
tokens,3
DEBUG_EXEC,3
sections,3
precision,3
testing,3
self,3
pseudo-classes,3
sides,3
char),3
thing,3
(auto,3
ugly,3
environments,3
build,3
normalized,3
locally,3
least,3
outputs,3
performance,3
overflow,3
figure,3
stray,3
'+',3
selector),3
postion,3
happens,3
<iostream>,2
scientific,2
kept,2
merging,2
\@ssm.get(Set[:foo,\,2
cp,2
F0..F4,2
specifiers,2
incremented,2
conected,2
quick..,2
ensures,2
\plus_sel,\,2
white-space),2
structures,2
V8_ENABLE_CHECKS,2
older,2
compare),2
outstanding,2
invokes,2
(linked,2
std::stringstream,2
Lexer;,2
Release,2
WebView,2
plus_sel,2
Presistents,2
(without,2
cordova.getActivity().runOnUiThread(runnable);,2
readable,2
two.klone();,2
finding,2
i.e,2
\[["\\,2
errtype(),2
descriptor,2
orderings,2
(newline,2
attempt,2
global),2
s2.first.is_a?(SimpleSequence),2
\stack,\,2
/////////////////////////////////////////////,2
\"\["\;\,2
Incs,2
'@',2
real_uri_prefix(const,2
stdin,2
\Exception::Base(b->pstate(),\,2
gv[i].code,2
permutate,2
Execute,2
(path,2
trouble,2
\However,\,2
.sass,2
/////////////////////////////////////////,2
various,2
IE,2
lexer),2
parser/prelexer,2
h.height(),2
manager,2
\false,\,2
nature,2
pstate_);,2
dpcm,2
parse_operators,2
unitless,2
curved,2
JMA,2
discriminator,2
pnm,2
synchronous,2
'),2
semantics,2
(as,2
////,2
parse_relation,2
Converts,2
5]],2
childSeq,2
\character,\,2
dreaded,2
bind,2
Pointer,2
Saturation,2
revert,2
indicator,2
major,2
TODO(bnoordhuis),2
lhs.tail.is_superselector_of(marker.tail),2
Import_Stub,2
backslash,2
Sass_Color,2
heap-allocated,2
path.dup,2
inadvertent,2
guesses();,2
request,2
reads,2
Individual,2
comes,2
\bracketed,\,2
failed,2
\replace,\,2
zones,2
denoting,2
optional_css_comments,2
filename.pnm,2
appending,2
\value"\,\,2
([\+\-]+),2
\!ends_with(i->first,\,2
completed,2
nonexact,2
happen,2
cloned,2
get_sequence_x,2
linkage,2
consumned,2
\null,\,2
*i;,2
\parent_superselector?(s2,\,2
backtraces,2
-o,2
\exist,\,2
Eval,2
//////////,2
pageCount,2
purposes,2
s1),2
`seq2`,2
misuse,2
\text,\,2
\optional<spaces>,\,2
start/stop,2
elements_.end();,2
---------------------,2
issues,2
fail,2
separately,2
\plus_sel.unify(tilde_sel.members,\,2
accessing,2
cm,2
Sass_Number,2
(cp,2
\thread,\,2
fin.map,2
suffix,2
pre_process_args(),2
\operation,\,2
(list,2
Sass::Util.lcs,2
lost,2
destructor,2
division,2
((rv,2
Value,2
Maximum,2
defaults,2
plugin.cpp,2
rgb_prefix(const,2
\"\Error"\;\,2
\subsequences,\,2
\"\\n"\}\,2
Draft,2
\2],\,2
random_device,2
3986,2
(OS,2
combinator:,2
recursive,2
#=>,2
cleanly,2
h,2
[current.pop],2
raise,2
\/,2
\three"\\,2
initialized,2
give,2
enforce,2
Used,2
tilde_sel.subject?),2
phase,2
url_schema(const,2
\'"\'),\,2
\sig,\,2
propset,2
invalid),2
\"\big\,2
\parent_superselector?(s.first,\,2
friend,2
.b,2
chunk1,2
col,2
hierarchy,2
(utf-8,2
first),2
'fi',2
seek,2
primarily,2
Inc,2
COMPLEX_SELECTOR,2
nearest,2
octagon,2
While,2
////////////////////////////////////////,2
\@ssm[Set[1,\,2
tempResult.push(seqs,2
sets,2
service,2
v8::Function,2
rhs's,2
\"\));\,2
\found,\,2
5)`,2
Convert,2
depending,2
physical,2
'\\';,2
seq1.pop,2
Resolve,2
32;,2
COLLECTION,2
///////////////////////////////////////////////////////////,2
holds,2
underlying,2
protocols,2
\Set[11,\,2
(v.size(),2
Evaluate,2
duplicates,2
\them,\,2
bunch,2
///////////////////////////////////////////////////,2
operates,2
By,2
(one,2
binding,2
parents,2
mm,2
non-trivial,2
\-1,\,2
\[["\Bar"\,\,2
refs,2
last_current),2
SCSS,2
\([merged,\,2
offset:,2
WEAVES,2
neither,2
'rt',2
Interpolated,2
invert,2
\empty,\,2
embed,2
///////////////////////////////////////////////////////,2
chunk1.empty,2
Calculate,2
addition,2
s2),2
scratch,2
though,2
\@s,\,2
usefull,2
(error,2
beyond,2
res,2
(NULL,2
isolated,2
Note:,2
supported,2
wide,2
rewritten,2
witch,2
mostly,2
defining,2
th,2
decorate,2
bars,2
0..lines[block]-1,2
wrong,2
garbage,2
ahead,2
example:,2
stream!,2
\|s1,\,2
Tweaks,2
unsupported,2
near,2
\(lexical,\,2
commas,2
http://en.wikipedia.org/wiki/Byte_order_mark),2
Copies,2
histogram,2
begin(),2
decimals,2
way;,2
buffers,2
//////////////////////////////////////////,2
channel,2
holepv.begin(),2
(look,2
predicate,2
find_file,2
:baz]],2
ring,2
useable,2
integers,2
std::fprintf(,2
(*h)[0]->pstate(state);,2
moving,2
apart,2
minimum,2
units),2
v8::FunctionTemplate,2
true);,2
adds,2
loose,2
setter,2
alive,2
Note(@agnat):,2
\work,\,2
(resources.size(),2
position:,2
miscellaneous,2
one.klone();,2
(taken,2
param_size,2
any),2
Creators,2
behave,2
source-map,2
Marcel,2
TODO,2
to_string,2
Establish,2
folder(const,2
deg,2
c[0][j],2
Sass::Util.lcs_backtrace,2
(sel,2
('.',2
Found,2
ISSUES:,2
Greatest,2
parsedSelector,2
whether,2
differences,2
yet),2
supports,2
flags,2
(op1,2
client,2
folders(const,2
file/data,2
@throws,2
{|j|,2
port,2
Binary_Expression,2
slanted,2
Base,2
g,2
unwraps,2
//////////////////////////////,2
dppx,2
tell,2
iterating,2
\name,\,2
const;,2
\string_re('"\',\,2
priority,2
argument(,2
`n`,2
ourself,2
folder,2
exported,2
container,2
\assert_equal([[1,\,2
terminate,2
\LOCAL_FLAG(force,\,2
Working,2
\`result`,\,2
register_function(Signature,2
\now,\,2
\merge_initial_ops(seq1,\,2
yield,2
stderr,2
\"\"\\,2
ends,2
CHARACTER,2
determine,2
remaining,2
Nan::Call,2
///////////////////////////////////////////////////////////////////,2
////////////////////////////////////////////////////,2
delay),2
UI,2
Normally,2
\'"\'\,2
decimal,2
Map,2
results),2
breve,2
amount,2
\[["\Baz"\,\,2
C2..DF,2
http://en.wikipedia.org/wiki/Longest_common_subsequence_problem#Computing_the_length_of_the_LCS,2
nicely,2
disabled,2
kHz,2
NODE_0_10_MODULE_VERSION,2
codepoint,2
Flattens,2
current),2
crazy,2
////////////////////////////////////////////////////////////////////////,2
fin,2
seqses,2
\'"\')\,2
inherit,2
parent_of(const,2
CLASS,2
METHODS,2
forced,2
me,2
ocrcheck,2
pt,2
overlapped,2
Generic,2
tested,2
\is,\,2
(it,2
[,2
\"\-1:"\;\,2
holepv.erase(,2
makros,2
lex<kwd_important>(),2
nodes),2
\combinator,\,2
keeps,2
greymap,2
U+10000..U+10FFFF,2
included),2
Expression_Obj>::const_iterator,2
gets,2
mappings,2
exceed,2
context),2
'odd',2
send,2
lot,2
far,2
(C++,2
::after,2
dependent),2
{|o|,2
STRING_REGULAR_EXPRESSIONS,2
(RFC,2
There's,2
rad,2
(ops1.size,2
constant,2
feature,2
@example,2
Handles,2
====================================================================,2
removes,2
x/0,2
CONSTRUCTORS,2
let's,2
block_comments,2
unify,2
utility,2
indeed,2
/////////////////////////////////////,2
\length,\,2
\KWD_ARG(Args,\,2
Adams,2
\["\Bar"\,\,2
sneak,2
///////////////////////,2
replacement,2
exactly<':'>,2
iterative,2
https://github.com/sass/sass/issues/2229,2
low,2
Aka,2
height(),2
ability,2
ensuring,2
allocation,2
return),2
state.column,2
non-Windows,2
vendor,2
loads,2
strm;,2
star,2
one-by-one,2
https://developer.mozilla.org/en-US/docs/Web/CSS/Specificity,2
bundle,2
\readable,\,2
s1.first.is_a?(SimpleSequence),2
dollar,2
Sass::UnitType,2
removing,2
Copy,2
isolate,2
clang,2
Hz,2
find_include,2
(default_value_,2
cumulative,2
\subweave(before,\,2
deep,2
prevent,2
grad,2
Deprecated:,2
%w[~,2
essentially,2
'error',2
DO,2
calculate,2
CHOICES,2
commas),2
stored,2
Holds,2
\"\stdin"\\,2
columns,2
expect,2
square,2
Explicit,2
memoization,2
{|i|,2
(assertion),2
Write,2
charbox',2
`seq1`,2
INT_MAX,2
\pbm,\,2
onFinish,2
direct,2
signature,2
documents,2
groups,2
type),2
sentry,2
black),2
(skip,2
'--<long_option>=<argument>',2
patterns,2
afters,2
cordova.getThreadPool().execute(runnable);,2
mime,2
Cast,2
\values,\,2
init/create,2
variations,2
sel.is_a?(Array),2
PRECEDES,2
together,2
cache,2
tagname,2
:before,2
[+-],2
curve,2
\this,\,2
\details,\,2
Recognize,2
schema;,2
precedes(const,2
adjacent_to(const,2
lookaheads,2
\:first-line,\,2
template<typename,2
instead),2
PDBs,2
<keyframes-name>,2
url_value(const,2
accepts,2
hotfix,2
events,2
'.',2
s.empty?},2
(esc),2
type(),2
aborts,2
word_boundary,2
sample,2
pre-allocate,2
@s,2
Appendix,2
\up,\,2
\value_schema,\,2
[5]]),2
meaning,2
\@ssm[Set[11,\,2
seq2.pop,2
resolving,2
Pick,2
alternatives,2
Calculates,2
POSIX/GNU,2
sorted,2
Try,2
([Ee],2
segments,2
\std::string(indent,\,2
dots,2
(is,2
pseudo-class/element,2
null-terminated,2
\ie_keyword_arg,\,2
-Llib,2
increasing,2
\@ssm.get(Set[2,\,2
<typename,2
(mx),2
&h;,2
afters.empty,2
\interpolant,\,2
c[i][0],2
context-sensitive,2
line_comments,2
push,2
binarization,2
expansion,2
layout,2
(nothing,2
\@ssm[Set[:bip,\,2
scanned,2
ancestor_of(const,2
unevaluated,2
/////////////////////////////////////////////////////////////////////////////,2
surrounded,2
Parses,2
Sass::Util.lcs_table,2
y),2
break?,2
unexpected,2
2011,2
weave(path),2
'm',2
onto,2
elegant,2
filepaths,2
Other,2
lightness,2
punctuation,2
\paths([[1,\,2
user-defined,2
minus,2
parsers,2
state(h->at(0)->pstate());,2
foo\#{interpolate},2
Joseph,2
exactly<,2
pc,2
sel1,2
\"\!optional"\\,2
drive,2
is_rest_parameter_),2
LICENSE,2
\error(node,\,2
buffer.str();,2
\RAWBITS),\,2
\that,\,2
Node&,2
not),2
\:first-letter,\,2
extracted,2
!inside_str),2
upgrade,2
sense,2
/#{open}((?:\\.|\#(?!\{)|[^#{close}\\#])*)(#{close}|#\{)/m,2
index:,2
Sass_String,2
sseq_or_op.is_a?(SimpleSequence),2
ie,2
Pseudo,2
creating,2
subtract,2
\contexts,\,2
leak,2
Therefore,2
restore,2
[[sseq_or_op]],2
helps,2
explicit,2
errmsg,2
we've,2
OSes,2
seqs1,2
Once,2
future),2
exec(),2
attach,2
\'~'],\,2
ops2.size,2
=====================================================,2
\error("\variable-length\,2
sel,2
inspect,2
=======================================================,2
modifiers,2
cutting,2
Encode,2
http://en.wikipedia.org/wiki/Longest_common_subsequence_problem#Reading_out_an_LCS,2
source-mappings,2
Import,2
\13]],\,2
outer,2
00..7F,2
successfully,2
sub.nil,2
-lsass,2
/////////////////////,2
\"\!important"\\,2
Pass,2
(/\z/),2
///////////////////////////////////////////////////////////////////////////////////,2
\f,\,2
Date,2
U-shaped,2
space/lf,2
elements_.begin();,2
path_has_two_subjects?(p)},2
ms,2
110X,2
\universal,\,2
Signature,2
executed,2
\exactly<'\r'>,\,2
////////////////////////////////////////////////////////////////,2
\left-to-right,\,2
!!ops1.shift,2
iterate,2
\4],\,2
\flatten,\,2
////////////////////////////////,2
@unicode,2
Uncompilable,2
true>,2
searching,2
Nodes,2
\(namely,\,2
Compute,2
seqs1.equal?(seqs2),2
\,\,2
uniqueness,2
ad-hoc,2
schema->has_interpolants(true);,2
].compact,2
\index,\,2
I've,2
String_Constant,2
subtraction,2
recursion,2
/////////////////////////////////,2
\"\]]\n"\;\,2
3]),2
attached,2
mimeType,2
ADD_EXPORTS,2
aid,2
sourceRoot,2
isMoreSpecificOuter,2
\schema->append(SASS_MEMORY_NEW(String_Constant,\,2
\(ie,\,2
->,2
v),2
debugging),2
initializes,2
configurable,2
x.size.times,2
U+D800..U+DFFF,2
buffer;,2
middle,2
negative),2
Issue,2
OCRAD_Pixmap,2
assume,2
_WIN32,2
Note(agnat):,2
String_Quoted,2
mainly,2
Invokes,2
earlier),2
superfluous,2
\left,\,2
:uri,2
reported,2
flushed,2
substitution,2
sel2,2
http://sourceforge.net/projects/libb64,2
emission,2
central,2
saturation,2
'num/den',2
adjacent,2
sb,2
uncompressed,2
trail,2
emitter,2
comments:,2
\project,\,2
openers,2
\parent_superselector?(s1,\,2
\collection,\,2
E0..EF,2
Least,2
operator==,2
Reset,2
chunk2.empty,2
merged),2
collapse,2
behaviours,2
reason,2
They,2
Finds,2
'prec',2
'even',2
[sel]},2
source_c_str,2
states,2
(with,2
LF,2
\2]],\,2
(called,2
@content,2
[1-9][0-9]*),2
removal,2
Whitespace,2
Nothing,2
lcs.first)},2
Subsequence,2
px,2
indicating,2
Seek,2
potentialChild,2
characters),2
-=,2
////////,2
Special,2
end(),2
bar,2
otherwise),2
ref,2
\"\-1"\;\,2
E)`,2
-shared,2
[int],2
convenience,2
================================================================,2
\arguments,\,2
newlines,2
updating,2
module,2
//////////////////////////////////,2
childSeq's,2
maximum,2
exts,2
forgiving,2
err.what());,2
c_str,2
@comparator,2
std::string(lexed),2
\[[1,\,2
bits,2
edge-cases,2
256,2
Avoid,2
uv,2
Update,2
closely,2
shoud,2
0.12,2
(!v.empty()),2
Sass_Warning,2
Application,2
perform,2
Offset&,2
Context,2
behaviors,2
recursively,2
h.width(),2
automatically,2
S;,2
Implement,2
detection,2
skipped,2
\"\]\,2
\["\\n"\]\,2
'\n'),2
s2|,2
==========================================================,2
expanded,2
is:,2
minimal,2
z,2
dealing,2
features,2
Document,2
==================================================,2
\tilde_sel,\,2
deal),2
(investigate),2
incompatible,2
±,2
Reference,2
check_expression,2
(/\Z|\z|\A/),2
imp_path,2
depends,2
///////////////////////////////,2
Placeholder_Selector_Ptr,2
ObjectWrap,2
optional_css_whitepace,2
independent,2
seq1),2
///////////////////////////////////////////,2
NOTE:,2
crossing,2
afters.shift.dup,2
cols,2
start/opener,2
parse_block_nodes,2
setter:,2
conventions:,2
\\n,2
facilitate,2
Windows,2
THIS,2
Move,2
LCS,2
IOException,2
invisible,2
Wrapper,2
libb64,2
*nix,2
http://en.wikipedia.org/wiki/Longest_common_subsequence_problem,2
refactor,2
\Integer,\,2
crtp,2
///////////////////////////////////////,2
indented,2
\"\fizz"\,\,2
speckles,2
nobody,2
inconsistent,2
interface,2
{|sel|,2
Ben,2
\')',\,2
Tests,2
================================================,2
Greter,2
show,2
`:not`,2
design,2
Int32,2
\optional_css_whitespace,\,2
2017,2
\"\fazz"\,\,2
cpp,2
Expression,2
!!ops2.shift,2
reduce,2
(h->length()),2
cookie,2
Max,2
description,2
dpi,2
I/O,2
height,2
(file,2
calc,2
overloaded,2
visitor,2
inverted,2
/////////,2
savely,2
(joeyadams3.14159@gmail.com),2
Ocradlib,2
(query,2
ideal,2
nestings,2
S,2
IMO,2
label,2
\"\!default"\\,2
variant,2
detached,2
(value,2
front,2
singletons,2
del,2
Knows,2
Sass_Map,2
\write,\,2
permutations,2
RegExp,2
Divisor,2
somehow,2
properly,2
g++,2
(-1),2
version),2
correspond,2
Context_Option,2
A.),2
(has_reference()),2
rendered,2
linefeeds,2
16,2
parts,2
\dots,\,2
srcmap,2
Struct,2
round,2
(see,2
Uint32,2
FROM,2
\"\regex"\\,2
surrogates:,2
stack),2
wants,2
*only*,2
disallowing,2
\\,2
subweave,2
utf16/wide,2
large,2
COMPOUND,2
ops1.first,2
rv;,2
\"\LEX\,2
unquoting,2
schedule,2
16-bit,2
intermediate,2
post_process_args(),2
often,2
styles,2
Sass_Error,2
state.offset.column,2
Sass_Boolean,2
NODE_0_12_MODULE_VERSION,2
Define,2
pbm,2
negate,2
differs,2
mixins,2
Expression_Obj>::iterator,2
Include,2
10XX,2
Position&,2
PrintAttributes,2
directly),2
y.size.times,2
(i.e,1
\"\;\,1
passes,1
resume,1
:single,1
SOURCES:,1
\"\ext:\,1
c1;,1
Unrestricted,1
context/block,1
sseq_or_op.is_a?(SimpleSequence)},1
(was,1
\modf(value,\,1
url(),1
v8::Maybe<T>,1
\"\flat"\\,1
non-greedy,1
csegment,1
rectangular,1
manipulations,1
deals,1
:mode=c++:,1
_|,1
parse_for_directive,1
block's,1
std::string&,1
\\t\r\n\f"\;\,1
Assign,1
(?!url\(),1
\-2,\,1
/foo,1
\"\Node"\\,1
Sass::Expression,1
vector_to_string(std::vector<T>,1
`@for`,1
(ie,1
\(row,col)\,1
deprecation,1
VS,1
\[2]],\,1
JSON_ARRAY,1
\"\"\;\,1
this),1
EXISTS,1
'Y',1
tracks,1
exponents,1
#2140,1
this->invalid_import_parent(this->parent);,1
class-specific,1
permutated,1
def->parameters(),1
New<FunctionTemplate>,1
secondPerm.plus(oneCloned,1
(ext.first->media_block(),1
(vectors),1
Hardcoded,1
Different,1
Sass_Options*,1
order[key],1
widest,1
(*list)[0];,1
seq2.empty,1
shortcut,1
`*`),1
\:function,\,1
sccs,1
entropy,1
(yet),1
\{|a,\,1
save,1
RHS,1
(key,1
files_;,1
e.collection().got_line_feed,1
<custom-ident>,1
frames,1
\pseudo-element,\,1
0123456789ABCDEFGHIJKLMNOPQRSTUVWXYZabcdefghklmnopqrstuvwxyz,1
mode),1
algorith,1
\HashNodes,\,1
\Numbers,\,1
resize,1
[e],1
\upper,\,1
longer),1
Encodes,1
wrongly,1
silent,1
\@ssm.get(Set[9,\,1
Byholm,1
local_frame_.begin();,1
\bottom,\,1
srcmap_c_str),1
(ppm,1
(/(?:\n|\r\n?)/),1
(other,1
(enables,1
hypens,1
v0.10.29,1
\foo)"\\,1
explanation,1
/#{...}/,1
latest,1
Implemented,1
'in_order',1
(small,1
Private,1
`@each`,1
\"\3.1.2"\;\,1
arr[order[key]],1
happened,1
overtaken,1
empty),1
non-debug,1
bm;,1
\Node,\,1
is_int,1
enabled,1
Iterate,1
Custom_Error,1
(between,1
dimension,1
0xdc00,1
seqes,1
Otherwise,1
\'o',\,1
successfull,1
this->parents),1
\"\[f]"\)\,1
trim(WEAVES),1
\[src*="\.jpg"\],\,1
SASS_STYLE_*,1
\("\>"\,\,1
Cast<Mixin_Call>(pp),1
\1KB,\,1
\combinator),\,1
dependencies,1
\"\********"\\,1
overloads,1
\params:"\\,1
\action,\,1
hbar(0).width(),1
\+/-,\,1
panic,1
\both,\,1
significant,1
Complex_Selector::unify_with,1
purely,1
POINT:,1
\parentSeqClone,\,1
`.css`,1
\"\Foo"\\,1
std,1
master),1
`kwd_include_directive`,1
Should,1
http://stackoverflow.com/a/1521682/1550314,1
(ltrim),1
\div,\,1
FunctionTemplate,1
MinGW,1
\"\Thram"\\,1
supersequence,1
With,1
thunks/closures,1
\chunk2,\,1
(\s*[;]$),1
sseq_or_op.sources,1
sugar,1
(check,1
src;,1
Recognized,1
right-pointing,1
\"\url-prefix("\;\,1
leaks,1
order;,1
(s->has_placeholder()),1
SPECIAL,1
formatted,1
\check,\,1
leaving,1
(otherwise,1
value.check_deprecated_interp,1
...yields..,1
--depth;,1
\"\env\,1
\env,\,1
MAP.get(COMPOUND):,1
relation,1
(libsass',1
\"\'"\)\,1
Cast<If>(pp),1
iojs.exe,1
\transformation),\,1
\picture,\,1
(fallowed,1
populating,1
neccessary,1
ccan/charset,1
omit,1
libsass',1
Never,1
[e]),1
non-options,1
sass_free_context,1
isolate-based,1
\"\==\,1
v8::Local<v8::String>,1
possibility,1
DEBUG_SHARED_PTR,1
partials),1
Distributed,1
c1,1
'10.000',1
\set,\,1
MAPS,1
\CallbackBridge<T,\,1
numerals,1
(different,1
\string_re("\'"\,\,1
\"\P3"\\,1
delayed:,1
'I'),1
cases),1
stdout,1
%dw,1
micro,1
(off.line,1
removeMultilineComment,1
\Encoding,\,1
backup,1
\ops1.first,\,1
exactly<')'>,1
TryCatch,1
\valid,\,1
'node.exe',1
!is_false();,1
Hardcode,1
seamlessly,1
marker.combinator,1
\"\page\,1
\:for,\,1
abbreviated,1
v8,1
Construction,1
msg,1
generally,1
mutliple,1
======================================================================,1
abnormal,1
out.collection()->push_back(two.klone());,1
error?),1
\exactly<url_kwd>,\,1
dashes,1
discharged,1
\(!ends_with(i->first,\,1
finally,1
compact,1
relying,1
\mixins."\);\,1
understood,1
Roman,1
window),1
members.map,1
*p,1
operator()(Comment_Ptr);,1
case:,1
\0xD800..0xDBFF,\,1
retain,1
directory:,1
uv_async,1
[chunk1,1
operator()(Definition_Ptr);,1
'\\'),1
`child`,1
resolve_parent_refs),1
\`.class`,\,1
Combinator,1
ro,1
\cases,\,1
Purposefully,1
\:_moz_document,\,1
formed,1
bodies,1
Join,1
\Then,\,1
hacky's,1
produced,1
.b),1
SassScript,1
Vagg,1
sel1.superselector?(sel2),1
assert_raises(ArgumentError),1
hist[0],1
add_close_mapping((*g)[i]->last());,1
\'TT',\,1
\charset,\,1
\["\Foo"\],\,1
/(?:literal)?/,1
\Sadly,\,1
AsyncProgressWorker,1
chunk1],1
(one-dimensional),1
\linker),\,1
\code,\,1
(unsure,1
exactly<'~'>,1
readability):,1
\["\\,1
free(srcmap_c_str);,1
comparisons,1
print*,1
sass_compiler_get_options(compiler);,1
extendedSelectors.got_line_feed,1
\Sass::Util.array_minus(members,\,1
(u,1
Determine,1
\`calc`,\,1
enable,1
targets,1
http://en.wikipedia.org/wiki/wHSL_and_HSV#Conversion_from_RGB_to_HSL_or_HSV,1
NAN_METHOD(.),1
slow(17%),1
NAN_CONVERTERS_43_INL_H_,1
optimized,1
inject,1
(unexpected),1
filename_schema(const,1
->first();,1
\0,0\,1
\"\no"\\,1
BASE64_CENCODE_H,1
([+~>]),1
\15]]],\,1
Ocrad::similar(,1
combines,1
m.is_a?(SimpleSequence),1
\optional,\,1
++depth;,1
hasCharData,1
incremetal,1
\/bar/cd,\,1
(capital,1
bare,1
seen.include?(sels),1
import_stack);,1
enables,1
Coding,1
safely,1
aplies,1
util,1
(Cast<Import>(node)),1
wchar,1
strict_identifier_alnums(const,1
feed,1
maybe_digit(),1
discrimination,1
twice,1
(either,1
rl,1
possible),1
\'s',\,1
\"\/**/"\)\,1
specs,1
boost/cstdint,1
\example,\,1
Set.new,1
nodes/combinators,1
combinator),1
Ocrcheck,1
versions),1
NAN_PRIVATE_H_,1
T*,1
operator()(Each_Ptr);,1
prelexers,1
begining,1
Node::createCollection();,1
Sequence.subweave,1
\`http://`,\,1
Emit,1
Always,1
tok(COMMENT),1
'1',1
significantly,1
oddities,1
0.1),1
\:charset,\,1
prefix),1
Fails,1
catch-all,1
exactly<'{'>,1
v8::Template,1
steps,1
`char`,1
assignments,1
written),1
Code,1
treat,1
sass-spec),1
converstion,1
call),1
10%,1
tokens),1
error(...),1
close),1
readed,1
\environment_map<std::string,\,1
(defined,1
simplicity,1
http://man7.org/linux/man-pages/man2/getcwd.2.html#ERRORS,1
Cannot,1
investigate,1
word<rgb_fn_kwd>(src);,1
superclass,1
plugin.so,1
Probably,1
rid,1
y;,1
assertions,1
`imp`,1
(german),1
\"\fazz"\]]\,1
end),1
\"\%foo"\)\,1
pos),1
\(EXTENDER,\,1
(`not,1
RESULTS,1
Resets,1
}xi),1
-Version,1
is_important(),1
though..,1
argc),1
sanitize,1
Placeholder,1
asynchronously,1
\n,\,1
backport,1
un-templated,1
loosely,1
tmpnr.numerators.clear();,1
literally,1
`To_String`,1
.foo,1
[-+],1
late,1
\(key,\,1
hexlet,1
grouped.has_key?(key),1
paths(arrs),1
Operators,1
eats,1
currently,1
commit,1
\:while,\,1
\14,\,1
\Set[11]],\,1
corrupt,1
conversions,1
block_comment,1
filtered,1
\exactly<'+'>,\,1
range),1
CommaSequence.do_extend,1
sharply,1
serifs,1
star),1
Law,1
for(auto,1
adjusted,1
Performs,1
\"\)\,1
\ParserState("\[UNQUOTE]"\));\,1
`@include,1
exactly<'>'>,1
<https://github.com/mkrufky>,1
grouped,1
importes,1
control),1
COMPLEX:,1
imposes,1
parse_value_schema,1
uniques,1
:bop]],1
64,1
\compiler,\,1
foo,1
triggers,1
\"\regular\,1
properties:,1
/[>+~]/,1
String_Schema,1
relative),1
-INT_MAX,1
\debug_ast(ext,\,1
exactly<';'>,1
files),1
(input,1
question,1
\@ssm.get(Set["\gran"\,\,1
\[6,\,1
Find-VS2017.cs;,1
'area',1
subclassing,1
(handle,1
\lhs,\,1
segfault:,1
folders,1
interp_string,1
v[0];,1
margin,1
Function_Call,1
(use,1
stripped,1
v[i];,1
txt,1
(pgm,1
Universal,1
computing,1
Parameter,1
delimited_by<,1
Brett,1
========================================================,1
\gsub(/\n(?![a-fA-F0-9\s])/,\,1
\"\:left"\)\,1
&parse_string();,1
(pos.file,1
prettify,1
DELIM),1
rides,1
Blocks,1
v3.0.0,1
this->has_line_break_;,1
\task,\,1
https://developer.mozilla.org/en/CSS/@-moz-document,1
simple_selector_sequence,1
proven,1
selector-lists,1
'~'],1
/cd,1
Fixnum,1
sass_copy_c_string(std::string,1
\11]],\,1
unchanged,1
metadata,1
block[e],1
off.column;,1
`@extend`,1
:bar]],1
re-evaluate,1
segfault,1
Utility,1
fields,1
str(),1
ostream,1
*pComplexSelector),1
Class,1
matrix,1
3.3.1,1
parse_space_list,1
s='';,1
threadpool,1
2.3,1
JSON_STRING,1
connectives,1
operator()(Pseudo_Selector_Ptr,1
Control,1
U+0080..U+07FF,1
Moving,1
detailed,1
DIV'),1
ouput,1
createSelector),1
'B',1
reasonable,1
<https://github.com/agnat>,1
FIXME(bnoordhuis),1
liberal,1
ports,1
validity,1
headers),1
extended.first.add_sources!([self]),1
lte,1
values),1
detects,1
\[sel2,\,1
future,1
threads,1
{|m|,1
Mask,1
DEBUG_LVL,1
10xxxxxx,1
completeness,1
`2px1px`,1
Binding,1
\"\height"\\,1
Custom,1
total,1
cc,1
\"\'"\),\,1
modifications,1
Destructively,1
populates,1
my,1
trace.caller;,1
stumbling,1
(/./),1
hyphen,1
similar,1
lowercase),1
ENOENT),1
15])),1
consisting,1
mess,1
`//`,1
/'(?:$re_itplnt|\\.|[^'])*'/,1
rearranging,1
Binary,1
iojs:,1
\"\CSS\,1
greedy,1
failure,1
\"\"\,\,1
undelay,1
`@at-root`,1
\letter,\,1
>()),1
tiny,1
\state,\,1
\:return,\,1
moment,1
overloading,1
imp->incs().size();,1
\[^"\'/\#!;\{\}]\,1
Thunks,1
node),1
Id_Selector_Ptr,1
m},1
Sequence,1
RAWBITS),1
SimpleSequence.do_extend,1
\"\\\a\,1
entries),1
debug_ast(const,1
0xdfff,1
\yes,\,1
insertion,1
(Value_Ptr,1
#endif,1
Nathan,1
(dim)(dim),1
%ÄËÏÖÜäëïöüÿ÷,1
speak:,1
relations,1
free(res.srcmap);,1
Sass::Block,1
synthetic,1
(you,1
semantic,1
equivalents,1
uniq_path,1
(#{close}|#\{),1
\"\P1"\\,1
\[Array<[Object,\,1
receiver,1
interpolation(:warn_for_color),1
parse_interpolated_chunk(lexed);,1
_not_,1
\"\non-characters"\\,1
rest-param,1
base_path,1
@at-root,1
wchar_t,1
result),1
opertions,1
Option',1
(ATM,1
Go,1
chunk(const,1
Replace,1
'--',1
a},1
\intermingled,\,1
counts),1
\'°',\,1
'rí',1
Sequence.trim,1
`ns|*.class`,1
/[^x]/,1
Usefull,1
NAN_DEFINE_OWN_PROPERTY_HELPER_H_,1
STRIP_COMMENT:,1
play,1
child->elements[j],1
column),1
\UTF-8,\,1
specificity:,1
sixty-six,1
https://github.com/sass/sass/commit/4e3e1d5684cc29073a507578fc977434ff488c93,1
bound,1
computed,1
treated,1
c1.recognize1(,1
'P',1
reporting,1
price,1
sass_importer_get_priority(importer);,1
res);,1
LHS,1
encounter,1
\%dh\n"\,\,1
*out,1
linker,1
10:,1
interp_uri,1
Keyframe-rules,1
pstate);,1
cover,1
mix,1
\'+'],\,1
\debug_ast(selector->selector(),\,1
\"\LCSTABLE:\,1
\"\weak"\\,1
casting,1
:url_prefix,1
\'/',\,1
\r,1
(compare,1
13])),1
\u...,1
\"\Template\,1
exhibited,1
science,1
Debugging,1
(C-API,1
\(ppm),\,1
tok(%r{,1
(while,1
ass,1
/test/sass/util/subset_map_test.rb,1
performs,1
\reference"\\,1
BASE64_ENCODE_H,1
(*params)[i],1
storage,1
utf8::unchecked,1
$re_dquote,1
removed,1
c.empty?},1
123,1
opposed,1
\DLL,\,1
blob(),1
identical,1
\"\weak\,1
seq1.empty,1
We're,1
head->has_line_break(true);,1
operator()(Import_Ptr);,1
operator()(Custom_Error_Ptr);,1
wrapping,1
[chunk1],1
pilcrow,1
endless,1
\params,\,1
procotol,1
\@ssm[Set[14,\,1
ie_args(const,1
(protocol,1
excerpt,1
getting,1
inserted,1
window[i],1
\U+xxFFFE,\,1
(in,1
MSVSUtil.py,1
operator()(While_Ptr);,1
`import_file`,1
space-separated,1
<std::vector>,1
(meaning,1
sake,1
'p',1
0.0;,1
remap,1
stores,1
\final,\,1
(tmpnr.unit(),1
int_part;,1
vals|,1
specialized,1
'/<>\^`,1
\"\EXTENDED\,1
status:,1
\#(?!\{),1
displays,1
(defaults,1
fist,1
pop,1
assigned,1
[hash:,1
nan,1
overload),1
Node),1
arguments),1
e.got_line_feed;,1
refer,1
possibilities,1
COMPOUND:,1
\hcenter(),\,1
!(marker.combinator,1
linfeed,1
b.holes(),1
wrt,1
infinite,1
`::`,1
simplest,1
inter-class,1
Shallow,1
\optimized,\,1
perfect,1
15]),1
NAN_CALLBACKS_PRE_12_INL_H_,1
secondPerm,1
`urls`,1
Good,1
referring,1
NAN_IMPLEMENTATION_12_INL_H_,1
(pSelector),1
Environment<T>::print(std::string,1
\seq.members.last.unify(self_without_sel,\,1
#foo,1
adjancent,1
\"\r:\,1
11]],1
`&`,1
considered,1
tempResult.push(seq1),1
harder,1
\"\first:\,1
imp_path),1
OCRAD_greymap,1
hardcoded,1
exactly<slash_star>(src);,1
\exit,\,1
Complex_Selector),1
\ind,\,1
cleanest,1
re-used,1
Includes,1
instantiating,1
Supports_Condition_Ptr,1
Aggregate,1
left-pointing,1
\produced,\,1
\instead,\,1
from_string(const,1
\ADD_PROPERTY(bool,\,1
incorrect,1
Float,1
(nil,1
https://github.com/mgreter/sass2scss/issues/29,1
bourbon,1
seqses.each_with_index,1
Called,1
Put,1
\|key,\,1
originally,1
TARGET),1
rgb,1
re-parsed,1
`CONDITION1,1
gcc:,1
lists),1
exactly<'}'>,1
\Response.Output.Write("\<script>var\,1
Short,1
SOURCE,1
(ambiguous,1
shell's,1
\"\SELECTOR\,1
0469ADOPQRabdegopq#,1
Example,1
undocumented,1
input_path,1
ccan/json,1
order.include?(key),1
argv[1],1
cases:,1
masculine,1
stops,1
[^#{close}\\#],1
closed,1
\value."\,\,1
tc),1
\"\~"\,\,1
seem,1
reversed,1
NODE_6_0_MODULE_VERSION,1
capitals,1
Introspection,1
Boost,1
\place,\,1
flush_schedules();,1
0.2%,1
x64,1
value)`),1
\Set[9,\,1
operator()(Extension_Ptr);,1
thin,1
`#{$var}`),1
innermost,1
4KB,1
\etc),\,1
Essentially,1
eq,1
specializations,1
reading,1
parse_map,1
!Prelexer::re_special_fun(name.c_str()),1
\(0,0,0\,1
Textline,1
\/url-prefix\(#{W}(#{URLCHAR}*?)(#{W}\)|#\{)/,\,1
pull,1
\(protocol.compare("\file"\)\,1
mutable,1
'%',1
implicitly,1
trick,1
brought,1
tremendous,1
separator),1
\:nth-of-type(...),\,1
\Standard,\,1
++,1
abuse,1
\argument,\,1
secuence,1
assuming,1
MAP,1
understanding,1
block->signature(),1
JSON.parse,1
import),1
BOOLEAN,1
sass-spec,1
specification,1
symbole,1
C-API),1
it'll,1
<0,1
namespaces,1
/[^axy]/,1
Export,1
`@if`,1
(holds,1
deeper,1
cygwin,1
\b.height(),\,1
dispose,1
Templatized,1
\alpha,\,1
consistent,1
\segments,\,1
numbers!,1
result[i],1
tok(SINGLE_LINE_COMMENT),1
Implicit,1
4]),1
q,1
ls,1
(c->has_reference()),1
c1.guesses(),1
(false/*n.css_import?*/),1
Construct,1
[seq]),1
*p;,1
text),1
operator()(Class_Selector_Ptr,1
applied,1
Range,1
short-only,1
weave(PATH),1
TODOS:,1
traversal,1
width(),1
\errors,\,1
in?:,1
\/domain\(#{W}(#{URLCHAR}*?)(#{W}\)|#\{)/,\,1
seqses.dup,1
\ops1,\,1
3.4.20,1
\"\P4"\\,1
PORTED,1
DOES,1
\specific,\,1
whatever,1
(rbg,1
https://github.com/sass/node-sass/issues/1854,1
\[#hash_to_a],\,1
scheduled_space,1
TypedArrayContents,1
confusion,1
imports:,1
Community,1
zone_vector,1
(bb->elements())[i]->tabs(m->tabs());,1
======================================================,1
hyphen),1
(++i;,1
'rf',1
`[(A,1
re-parse,1
At-rules,1
expression->hash(),1
recursive),1
\/"\(?:$re_itp|\\.|[^"\])*"\/\,1
Arithmetic,1
plug,1
12/3%,1
`kwd_while_directive`,1
\"\map-get((),\,1
After,1
[seq2],1
Results,1
\outfile,\,1
\extend_compound(COMPOUND,\,1
single-comparison,1
(U+FFFD),1
Incomplete,1
(Compound_Selector),1
<https://github.com/rvagg>,1
marker.combinator),1
note,1
this:,1
already-trimmed,1
debugging,1
appears,1
guarded,1
converting,1
divergence,1
dotless,1
Parent,1
\"\]"\\,1
\check_directives_match!(e,\,1
(Cast<Expression>(node)),1
order),1
\subsequence),\,1
e.is_a?(Array),1
permutations.push(path,1
sel->has_line_feed(has_line_feed);,1
\arity,\,1
\etc,\,1
rset;,1
governed,1
interation,1
(memoized,1
memoizeCompound.find(pSelector);,1
Decoding,1
decided,1
\line(0),\,1
numerators,1
'iwidth',1
size),1
stripping,1
composed,1
sanity,1
\@warn,\,1
\debug_sources_set(set,\,1
says,1
non-rectangular,1
bug),1
invalidates,1
\I="\\,1
Parser::parse_media_query(),1
h.area(),1
cary,1
!(?![a-z]),1
Possibly,1
(lex<,1
\delayed,\,1
dispatchs,1
grow,1
`add_file`,1
maintenance,1
'Q',1
coincidence,1
\document."\);\,1
\exactly<'@'>,\,1
sass_copy_c_string),1
Refael,1
beforehand,1
usage:,1
Reason,1
(staring,1
-Path,1
persistant,1
agents,1
\Hmm,\,1
`{`,1
Colors,1
Rulesets,1
U+10FFFF,1
'w',1
built-in,1
@debug,1
Enables,1
(*data_ctx->source_string,1
num,1
-Command,1
\Set[12,\,1
`max_chars`,1
0XXX,1
(selector->not_selector()),1
parse_selector_list,1
\'II',\,1
\:baz]]],\,1
node.js,1
method-for-method,1
@charset,1
-1.5,1
\has_reference_(ptr->has_reference_),\,1
\m->pstate(),);\,1
Byte,1
My,1
(to,1
NAN_CALLBACKS_H_,1
factors,1
(selector),1
(high),1
dropped,1
IN/OUT,1
option's,1
left-overs,1
\delimited_by<'(',\,1
belong,1
List_Ptr,1
remove),1
source_string,1
(op_type,1
according,1
ctx_path,1
/foo/../cd,1
seqses.size,1
Sass::Util.group_by_to_a,1
\comparison,\,1
/[axy]/,1
hashing,1
\hue,\,1
SASS_DEBUGGER,1
Trailing,1
perfectly,1
(s->is_interpolant()),1
3.4,1
utf-8,1
protection,1
\"\int"\\,1
(these,1
[signature:,1
guru,1
\:each,\,1
cosmetics,1
=================================================,1
U+0800..U+FFFF,1
`skip_over_scopes`,1
'~'),1
`@while`,1
Otsu's,1
literals,1
/(?:literal)+/,1
\negative,\,1
discards,1
Buffer,1
recognition,1
\src,\,1
\"\ADDING\,1
\numbers,\,1
Leading,1
append_comma_separator();,1
\'()*+,-./<>@[\]^_`{|}~¬\,1
variation,1
0.299999999999999988898,1
fallback_impl(reinterpret_cast<AST_Node_Ptr>(x));,1
intervenes,1
(indentation,1
room,1
oneCloned,1
Cast<Value>(i->second)),1
\children,\,1
/(?:literal)*/,1
v0.11,1
CONDITION`),1
fishy,1
OPACITY,1
share,1
m.with_more_sources(sources),1
neat,1
[Array<Array>],1
Token,1
extend*,1
12,1
(two.isNil()),1
last),1
extreme,1
Element,1
note:,1
That's,1
'tr',1
parse_compound_selector,1
TODO(agnat):,1
args;,1
pTwo,1
streambuf,1
#495,1
operator()(Element_Selector_Ptr,1
alpha/opacity,1
\@ssm[Set[9,\,1
knows,1
\#,1
unescaped,1
What,1
get_arg,1
/m,1
Represents,1
multi,1
(pbm,1
std::string(sig),1
helpful,1
stacked,1
multilinie,1
\@ssm.get(Set["\fuzz"\,\,1
\"\nested"\\,1
\"\]"\,\,1
PHP,1
quoted_string,1
maximization,1
customized,1
\n,1
`(D,1
type##_Obj,1
:double,1
\clipped,\,1
`@debug`,1
embarking,1
\parent_directives,\,1
U+xxFFFF),1
\gte,\,1
behind),1
Selector_List_Ptr,1
SimpleSelectorSet,1
std::istream,1
branches,1
paths(CHOICES):,1
\seq1.pop,\,1
(del,1
(params,1
Ira,1
'-<short_option><argument>',1
negate<,1
retrieve,1
(SEC,1
!(lhs.combinator,1
lightly,1
2-byte,1
Benjamin,1
unquoted_string(value.to_sass),1
ex,1
connector,1
'options',1
trace),1
-ExecutionPolicy,1
NODE_7_0_MODULE_VERSION,1
Textblock,1
NULL),1
10,1
is_mixin(pp),1
'\'')),1
em(const,1
Values,1
\flatten(arr,\,1
(except,1
combined,1
clipped,1
little,1
(c->has_line_feed()),1
:domain,1
Show,1
echo,1
Putting,1
bigger,1
\memoizeCompound.insert(std::pair<Compound_Selector_Obj,\,1
\white,\,1
(depth,1
\"\Fail"\}\,1
\:at_root,\,1
individually,1
operator()(Custom_Warning_Ptr);,1
summing,1
seq1.last.superselector?(seq2.last),1
untouched,1
paris,1
\Joyent,\,1
\Set[:mixin,\,1
individual,1
hbar(1).width(),1
Definition_Ptr,1
protect,1
val->to_string();,1
developers,1
pFirst->has_line_feed(pFirst->has_line_feed(),1
(2),1
fact,1
`unified_complex_selectors`,1
prettyfy,1
4),1
sends,1
Very,1
'width',1
0-based,1
merge,1
string_to_output,1
'struct,1
(an,1
JSON_NUMBER,1
atof,1
larger,1
https://github.com/nodejs/nan,1
Lawson,1
Noordhuis,1
Defined,1
(lowest,1
\"\P2"\\,1
v.size();,1
single-quoted,1
'iojs.exe',1
'1.',1
CPP,1
Character::maybe_digit(),1
format),1
null),1
Handling,1
block_comment_prefix(const,1
argument(s),1
node.exe,1
lex_block_comment())),1
(u[r],1
'outfile',1
ultimately,1
undefine,1
uv_async_send(),1
cartesian,1
<string>,1
operated,1
`https://`,1
'rn',1
Allocate,1
lazy,1
v.begin();,1
<https://github.com/bnoordhuis>,1
=============================================================,1
extended.map,1
tildes,1
\unitless"\,\,1
(4),1
alter,1
Resolution,1
@ssm.get(Set[1]),1
sign),1
src-map,1
detected,1
Although,1
Backtrace*,1
\detected,\,1
Maybefication,1
picked,1
Trace,1
\callback(null,\,1
:bar]),1
embeded,1
(zero-width,1
(incl,1
UCS::isdigit(,1
$re_squote,1
'+'],1
whereever,1
catchable,1
immediately,1
RUBY,1
!p->is_rest_parameter()),1
\placeholders,\,1
nr,1
MISCELLANEOUS,1
numerator/denominator,1
parserstates),1
\:include,\,1
sass),1
scnr,1
\RFC3629,\,1
generating,1
VS2015+,1
modules,1
eos,1
memoizeCompound.end()),1
(route,1
\"\/"\)\,1
Array<SimpleSequence,1
Tap,1
Cast<Each>(pp),1
\aren't,\,1
ss,1
16777216,1
Opacity,1
reporting),1
https://github.com/mgreter/sass2scss,1
accent,1
http://sourceforge.net/p/mingw/bugs/2024/,1
Might,1
Read,1
expr,1
casts,1
produces,1
\>0,\,1
\"\+"\,\,1
NAN_PERSISTENT_PRE_12_INL_H_,1
\ctx,\,1
Build,1
(pass-through),1
Cast<Trace>(pp),1
Rhomboid,1
'|',1
NAN_H_,1
(freed,1
interactions,1
TODO(kkoopa):,1
\Now,\,1
(typename,1
abs_path,1
\"\Qux"\\,1
comlplex,1
[[init]],1
preprocesser,1
ERROR,1
6),1
\whitespace),\,1
feminine,1
`afters`,1
T>::iterator,1
`@error`,1
Roundtrip,1
(Revision,1
\byte,\,1
rset,1
Restricted,1
NAN_CONVERTERS_PRE_43_INL_H_,1
CheckNesting::invalid_import_parent(Statement_Ptr,1
grouped[key].push(e),1
`/deep/`,1
pSelector->has_line_feed()),1
\"\Expression\,1
UCS::isalpha(,1
auto_quote(),1
distinguished,1
Errors,1
@at-root),1
\String_Constants,\,1
basic,1
repeatedly,1
provisional,1
From,1
>`,1
parentSuperselector(),1
\ul,\,1
Tags,1
\"\l:\,1
pos.file,1
(parent_),1
\only,\,1
rejected,1
\relational,\,1
/#{open},1
(::),1
elegant!,1
argv.push_back(wrapper);,1
(sheets.count(inc.abs_path)),1
string),1
extensive,1
folding,1
prefer,1
ExternalTwoByteString,1
(plus,1
Expression)->is_false(),1
variance,1
TODO(isaacs),1
couldn't,1
lhs.tail-without-innermost.is_superselector_of(marker.tail-without-innermost),1
argname,1
David,1
manipulate,1
comma-,1
dependency,1
value),1
============,1
\:bop,\,1
Lone,1
execution,1
tokenizing,1
\merged,\,1
Unlike,1
extend-only,1
adding,1
parse_disjunction,1
seq2.last,1
\exactly<','>,\,1
formats:,1
url_space_chars[],1
seperator,1
'fl',1
-fPIC,1
relatively,1
Unref(),1
\"\fuzz"\]]\,1
https://github.com/nex3/sass/issues/324,1
tall,1
Evaluation,1
minima,1
Keep,1
'0',1
\Compound_Selector_Obj,\,1
\"\>"\)\,1
Be,1
grid,1
sel2.superselector?(sel1),1
lexing,1
SEEN),1
hungarian,1
\["\Bang"\,\,1
grouped[key],1
'IIII',1
KWD_ARG_SET(Args),1
\fonts,\,1
attempting,1
repetitive,1
clue,1
SASS_PATH=,1
implementions,1
feature:,1
JSON_OBJECT,1
(star:,1
proc,1
\available,\,1
whose,1
provide,1
CALL,1
\"\@keyframes"\\,1
Siegel,1
(unquoted),1
\`[Symbol,\,1
String_Constant_Ptr,1
40,1
b.size(),1
codes,1
#442,1
operator()(Warning_Ptr);,1
0.8,1
#857:,1
why?),1
delay-load,1
break;,1
cloning,1
depth,1
easy,1
pool,1
5,1
typedef,1
https://github.com/sass/sass/issues/1495#issuecomment-61189114,1
emulate,1
cotains,1
dirs,1
uri(const,1
toPush,1
weird,1
production,1
\output,\,1
value.is_a?(Sass::Script::Value::String),1
parse_include_directive,1
shortcuts,1
.exe,1
platform,1
hacky,1
incomplete,1
\"\found"\\,1
url_space_chars[];,1
(IMO,1
side),1
\debug_ast(sel,\,1
:-moz-any(ol,1
pdb,1
Sass_Options,1
upcoming,1
\"\LCSBACK:\,1
\parent,\,1
`UNICODE`,1
[a],1
ops1.reject,1
\@ssm.get(Set[11,\,1
obj,1
notation:,1
`result`,1
exp.selector_stack.pop_back();,1
Google,1
Ref(),1
*holepv[i];,1
/(?:$mx)\b/,1
\"\!global"\\,1
\"\libsass_load_functions"\\,1
Can,1
Stringify,1
\unshift(NodeCollection,\,1
bubble,1
fs,1
quite,1
\extendComplexSelector,\,1
copied,1
')',1
\flattened.concat(flatten(e,\,1
Standard,1
\codes,\,1
\"\libsass_load_importers"\\,1
drawback,1
important,1
!isMoreSpecificOuter,1
\:import,\,1
collect,1
COLOR,1
instances,1
@ssm.get(Set[2]),1
checks..,1
parse_while_directive,1
SetMethodAux(...),1
filename(const,1
(return,1
continuation,1
\otherwise,\,1
*(p-1),1
(original,1
ocradlib,1
slow(12%),1
_sources(seq1),1
\SASS_MEMORY_NEW(Supports_Condition,\,1
appear,1
params->has_rest_parameter()),1
gv[0].code,1
`-a-calc`,1
Another,1
leaves,1
Weak,1
(choose,1
Sass::Util.paths,1
adjacent),1
Sass:Util,1
However,1
\cstdint,\,1
output),1
prstate,1
alternatively,1
80..C1,1
extenders,1
(off.column,1
\"\@"\\,1
\:media,\,1
results));,1
https://www.visualstudio.com/en-us/productinfo/vs2017-install-product-Community.workloads,1
(color,1
gotten,1
\:not(:first-of-type),\,1
back),1
/[^axy]+/,1
solves,1
inputs,1
STRING,1
CONDITION2`),1
\+INF,\,1
\13]]],\,1
superflous,1
RegistrationFunction,1
out;,1
resolution,1
\encoded,\,1
val,1
react,1
(/((-[\w-]+-)?(calc|element)|expression|progid:[a-z\.]*)\(/i),1
#2462,1
appended,1
[0-9A-Fa-f],1
(normalized),1
file(-1),1
UCS::SINODOT,1
source_c_str),1
whitespace),1
synchronization,1
[Boolean],1
carriage,1
specifies,1
selectors/combinators,1
\"\has\,1
\gt,\,1
subweaveNaive(const,1
smart,1
messages,1
'+3',1
nor,1
correctness,1
deprecate,1
ComplexSelectorSet,1
'8',1
anyway!,1
`import_url`),1
\arrays,\,1
Supports,1
\s->pstate(),\,1
KEYWORD,1
anyone,1
\removed,\,1
NOTES:,1
Sass::Context,1
n^2,1
re-throw,1
SassValueWrapper,1
storing,1
\debug_ast(i,\,1
include_paths,1
suppor,1
(!nominator,1
type-tag.),1
Classify,1
Workaround,1
implicit,1
collection),1
url_kwd,1
Parser,1
RHS's,1
env->print();,1
selector->reference()->perform(&to_string),1
\(pgm),\,1
malloc,1
(s->has_reference()),1
Context&,1
ReturnCallback,1
pFirst->tail()->has_line_feed(),1
behaviour,1
(has,1
file),1
pCurrent->has_line_feed(child.got_line_feed);,1
operator()(Error_Ptr);,1
URLs,1
workaround,1
Look,1
cmp,1
biggest,1
mapping:,1
refcount;,1
exactly<'+'>,1
&int_part),1
v12,1
\0..255,\,1
hiding,1
\applicable,\,1
bridge,1
Custom_Warning,1
parse_special_directive,1
inverted-U-shaped,1
slower,1
DESTRUCTOR,1
\/[*&%,\[\]]/\,1
seq1.last,1
powershell,1
123/456,1
fn,1
(distinguished,1
includes),1
percent,1
slow(19%),1
--utf8,1
Ackermann,1
set_to_string(set<T>,1
\string_re(open,\,1
\@ssm[Set["\fizz"\,\,1
Character::maybe_letter(),1
\:if,\,1
parse_complex_selector,1
\ParserState("\[STRING]"\));\,1
\seq2.pop,\,1
\"\2.0"\\,1
needed),1
moz_document_kwd,1
\"\//\,1
.12%,1
callback(error),1
\14]],\,1
`--b-c-calc`,1
\complicated,\,1
exhausted,1
Cast<Null>((*l)[0])),1
permitted,1
Michael,1
(rather,1
bem,1
out.collection()->push_back(firstPerm);,1
heavy,1
terminates,1
ptr),1
d_env.has(full_name),1
/(?:FOO)(?:BAR)/,1
imported,1
usage,1
C)]`,1
(*sl)[static_cast<int>(index)];,1
pp,1
1GB,1
provides,1
<https://github.com/trevnorris>,1
constructor;,1
input/output,1
convenient,1
'SimpleSequence',1
[chunk2],1
operator()(Import_Stub_Ptr);,1
2nd,1
\debug_ast(node->combinator(),\,1
(/.*?(?=\n|\r\n?|\Z)/,1
Usage,1
lhs;,1
waiting,1
failures),1
cheap,1
plus-minus,1
implementors,1
Ruleset,1
No,1
Maintains,1
words,1
\url,\,1
\top,\,1
Bubble,1
\'rz',\,1
U+0000..U+007F,1
expose,1
full_name(name,1
p;,1
column(0),1
@see,1
sys,1
!(marker,1
argv,1
(pos.column,1
CallbackInfo,1
\#$&'()*+,-./<>@[\]^_`{|}~¬\,1
union,1
unnecessary,1
\"\ocrcheck:\,1
\connective,\,1
lf,1
bt);,1
memoized->second.klone();,1
setting,1
Definitions,1
non-standard,1
runtime,1
selector->elements()),1
disposed,1
toConvert.got_line_feed);,1
tautological,1
bad),1
(true),1
\[4,\,1
2]),1
\hexadecimal,\,1
)+,1
\/bar/baz,\,1
\"\Bang"\],\,1
pixels,1
failing,1
Sequence.do_extend,1
Vrhomboids,1
erase(),1
(3),1
\J="\\,1
(ancestor,1
\world,\,1
(major,1
append_optional_space();,1
unclosed,1
++p;,1
NOLINT(build/c++11),1
mapped.reject,1
@yield,1
Older,1
Means,1
keeping,1
\"\find"\\,1
mx,1
handlers,1
terse,1
Exit,1
(keep,1
\"\ADD\,1
Usage:,1
UA,1
tlpv[i]->verify_big_initials();,1
excluding,1
reasons),1
str->quote_mark(0);,1
Call,1
(dont,1
Pseudo_Selector_Ptr,1
Emulate,1
Wrapped,1
dont',1
\lt,\,1
result->elements,1
\`befores`,\,1
operator()(Placeholder_Selector_Ptr,1
Generalize,1
\Noordhuis,\,1
16^8,1
\255,\,1
lset),1
[-Wunused-function],1
Meant,1
HiddenValue/Private,1
2376,1
(merged,1
===================================================,1
Hotfix,1
changes,1
\13,\,1
security,1
str,1
pass),1
clones,1
/(?:$re_squote|$re_dquote)/,1
pointer),1
initialise,1
ignored,1
cencode.h,1
visitors,1
\mechanism,\,1
Lookup,1
20,1
indicates,1
':',1
suffixes,1
/*simpleSelectorOrderDependent*/));,1
closest,1
\0.12.18,\,1
\@ssm.get(Set["\fazz"\])\,1
(compile,1
aliases,1
\8-bit,\,1
pNewInnerMost->has_line_feed(true);,1
extends,1
optionally,1
pos.line,1
boost,1
b;,1
\Unfortunately,\,1
sent,1
double-,1
decide,1
next),1
result->has_parent_reference(has_parent_reference());,1
Invariant,1
1126,1
(peek_newline()),1
Of,1
tail_->has_line_break_,1
\(eg,\,1
\zero,\,1
serves,1
concatenated,1
serializing,1
12.3%,1
Every,1
simplify,1
sass_copy_c_string,1
'argv',1
chop,1
{|seq|,1
directive(const,1
catched,1
https://en.wikipedia.org/wiki/UTF-8#Description,1
\Sass::Util.lcs(ops1,\,1
\Otherwise,\,1
utf8::previous),1
is_true(),1
\100,\,1
occupy,1
b.fill_hole(,1
Rod,1
sheets,1
\decoding,\,1
response,1
Unbound,1
ast.hpp/ast.cpp,1
12357CEFGHIJKLMNSTUVWXYZcfhklmnrstuvwxyz,1
violations,1
/(?=literal)/,1
re-assign,1
`@supports`,1
avoided,1
finished,1
@ssm.get(Set[]),1
@yieldparam,1
'y',1
indicate,1
vals],1
Fullscreen,1
/*),1
Expression);,1
underscores,1
Sass_OP::DIV),1
(very,1
JsonNode,1
resolve_parent_refs,1
\"\higher"\\,1
VS2013,1
Sort,1
proxy,1
newly,1
(pos.line,1
plugin.dll,1
(size_t,1
Exact,1
implements,1
Directly,1
shared,1
'i',1
++;,1
formats,1
comming,1
made,1
typeid,1
firstPerm,1
(e.q,1
true),1
\quote,\,1
Visual,1
exactly<em_kwd>,1
Cast<List>(expr);,1
https://github.com/sass/libsass/issues/2359,1
-INF,1
10em-,1
(performance!),1
\3],\,1
*/,1
v.end();,1
\Method"\\,1
(pSelector,1
operator()(Content_Ptr);,1
bar);,1
NEW,1
u[r],1
Trevor,1
fallowed,1
partial,1
line_comment(src);,1
composite,1
extendCompoundSelector,1
:baz]),1
Flat,1
(child.got_line_feed),1
before/after,1
charbox(,1
MAIN,1
env->local_frame()[p->name()],1
\'rr',\,1
validation,1
euro,1
addons,1
combining,1
===============================================================,1
result->elements[i],1
here),1
'infile',1
SmartOS,1
filenames,1
stylesheet,1
Cast<While>(pp),1
'/'),1
code(,1
fails,1
;,1
(final,1
void*,1
\0.10.48,\,1
Element_Selector_Ptr,1
UCS,1
Specifically:,1
removeMultilineComments(sass);,1
\"\P6"\\,1
overall,1
achieve,1
flat,1
pre-sorted,1
gives,1
OCRAD_Pixmap.data,1
unverified,1
shows,1
picking,1
expicitly,1
NAN_PERSISTENT_12_INL_H_,1
detecting,1
guarantee,1
std::set<T>::iterator,1
Colon-separated,1
(remove,1
(10px,1
setup,1
ok,1
(low),1
*********************************************************************************,1
std::vector<std::string>,1
instantiation),1
http://stackoverflow.com/a/6089413/1550314,1
esoteric,1
\nil,\,1
@lc,1
list->is_arglist();,1
recognize1,1
(API,1
irregular,1
14]],1
implementor,1
off);,1
edge,1
parse_comma_list,1
bb->tabs(b->tabs());,1
lookahead_for_value,1
truly,1
\enough,\,1
\document.write(s);</script>"\)'\,1
(arglist),1
`>,1
\|seqs1,\,1
SSCEDI,1
accessors,1
linefeed!,1
(KEEP_COMMENT(converter)),1
acces,1
recursive/nested,1
'exportfile',1
min/max,1
\"\Bar"\\,1
\U+D800..U+DFFF,\,1
'#',1
variable-length,1
character),1
(logical,1
dynamic_cast<AST_Node*>(node);,1
<https://github.com/kkoopa>,1
Array]>],1
0xDC00..0xDFFF,1
loading,1
SASS_DEBUG,1
\"\[f]"\);\,1
mingw:,1
createCombinator,1
\input,\,1
segfaults,1
right:,1
achromatic,1
'+'),1
Op>,1
11,1
NAN_MAYBE_43_INL_H_,1
\expression,\,1
\spec,\,1
one-colon,1
'.5',1
\overflow,\,1
std::streambuf,1
\group_by_to_a(enum,\,1
Previous,1
lookahead_for_include,1
Expression),1
Prepend,1
lifting,1
\sseq_or_op.do_extend(extends,\,1
\changed,\,1
atm!!!!!!????!!!!!!,1
`@warn`,1
`extended`,1
context/option,1
url_prefix_kwd,1
1.0,1
rset),1
interval),1
solution,1
\U+0000..U+10FFFF,\,1
gcd(,1
clangs,1
parents),1
free(source_c_str);,1
\@ssm.get(Set[3,\,1
-1),1
restricted,1
(schema->length()),1
'(',1
repercussions,1
\"\LCS:\,1
14,1
renders,1
\lset,\,1
\[key,\,1
i|,1
operator()(For_Ptr);,1
has_interpolants(bool,1
seq2.last.superselector?(seq1.last),1
group_selectors(seq1),1
Sass::Util.paths(diff).map,1
any_char_except<'/'>,1
\debug_ast(const_cast<AST_Node_Ptr>(node),\,1
c_ctx,1
0xdbff,1
0.3,1
not!,1
respectively,1
(spaces,1
\op1,\,1
CONVERT_COMMENT:,1
[lcs.shift],1
INTROSPECTION,1
.123,1
\@ssm[Set[13,\,1
Still,1
\head\n"\;\,1
appropriately,1
\node,\,1
FMA3-optimized,1
expression->concrete_type(),1
@error,1
fixing,1
-x.y,1
`#group_by`,1
connects,1
destination,1
\pointer,\,1
Parameters_Ptr,1
\'%s'\n"\,\,1
abs,1
chunks,1
\logical,\,1
\Sass::Util.lcs(seq2,\,1
GLOBAL,1
\["\Baz"\,\,1
mutually,1
\"\0"\\,1
spurious,1
`1.5em-.75em`,1
hook,1
\compare,\,1
all),1
catch,1
restrain,1
Misc,1
\'_\a'}"\;\,1
trimmed,1
url_prefix_fn_kwd[],1
Takes,1
1]),1
gone,1
facility,1
Norris,1
improve,1
expects,1
frameworks,1
\"\Baz"\\,1
\why,\,1
fair,1
keyframes(const,1
\instance,\,1
\passes,\,1
OS,1
bracketed,1
Save,1
Boolean]`,1
codecvt,1
!ops2.collection()->empty(),1
\bug,\,1
operator()(Selector_List_Ptr);,1
data),1
include_paths.push_back(CWD);,1
lex_css,1
12%,1
https://github.com/nodejs/nan/pull/811#discussion_r224594980,1
i->second;,1
(unquote,1
3-byte,1
+].include?(op2),1
out.collection()->push_back(one.klone());,1
parameters),1
exclamation,1
6,1
re-enable,1
\rules,\,1
\_superselector?(seq2,\,1
\effort,\,1
Accessors,1
grouped.each,1
extendComplexSelector,1
precise,1
strictly,1
\tasks,\,1
`(3,1
F5..FF,1
pos);,1
\\r,\,1
Cast<Definition>((d_env)[full_name]),1
\error("\Unescaped\,1
local_frame_.end();,1
'Arg_parser',1
css),1
singleton,1
CR,1
\sequences,\,1
http://www.w3.org/TR/css3-color/#hsl-color,1
\uXXXX,1
b.hole(,1
seed,1
register_built_in_functions(Env*,1
autodetect,1
New<Function>,1
'e',1
conditionals,1
\registered"\);\,1
http://www.w3.org/TR/css3-conditional/,1
handle.),1
lookahead_for_selector,1
declaration's,1
NAN_IMPLEMENTATION_PRE_12_INL_H_,1
`one_plus,1
denominators,1
updates,1
leaked,1
rename,1
!:isOriginal,1
\eq,\,1
pagesize,1
@out,1
{|sseq_or_op|,1
\parsing,\,1
order.size,1
Failure,1
downwards,1
positions,1
ex->perform(this);,1
successful,1
`2px-1px`,1
termination,1
/(?:$mx)*?(?=$delim)\b/,1
parsing!,1
delete;,1
resolves,1
2GB,1
pComplexSelector->media_block()),1
(multiple,1
\"\frizz"\])\,1
prominently,1
Ignore,1
//),1
:blip]],1
interpreted,1
Selectorerence,1
hides,1
parent_directives)}.none,1
unbound,1
\collections,\,1
Have,1
\2),\,1
(l->size(),1
Assertion-friendly,1
8BQg$&,1
Booleans,1
poor,1
seq.map,1
Extend:,1
Class_Selector_Ptr,1
\"\libsass_load_headers"\\,1
combo,1
advanced,1
That,1
typename,1
\f"\)\,1
Find,1
(one.isNil()),1
prev,1
trimming,1
https://github.com/sass/libsass/issues/592,1
TESTS,1
p.flatten}.reject,1
\width(),\,1
<https://github.com/brett19>,1
queries),1
to),1
http://www.boost.org/users/license.html,1
's',1
\"\[f]4"\)\,1
findCommentOpener,1
centred,1
alternative,1
performed,1
pOne,1
Interface,1
Unify,1
error(dbg,1
@-->,1
renamed,1
\ARG("\$condition"\,\,1
Cast<For>(pp),1
dependent,1
horrific,1
(head),1
parenthesis,1
out.collection()->push_back(secondPerm);,1
Comma-separated,1
selector_stack.push_back(ls);,1
pushed,1
visit,1
`new`,1
https://gist.github.com/nex3/7609394,1
\selectors,\,1
\menu,\,1
12:,1
\results,\,1
soon,1
operator()(Id_Selector_Ptr,1
`(1,1
Refed,1
(!tmpnr.is_unitless()),1
okay,1
til,1
comparator,1
textlines();,1
assigning,1
(need,1
manner,1
visiting,1
\prior,\,1
preceded,1
\[VisualStudioConfiguration.Main]::Query()}"\\,1
uglier),1
say,1
BOM,1
diff.reject,1
constructing,1
{s,1
std::unordered_map<,1
==============================================================,1
conjunction,1
others,1
(/\b/),1
j),1
verify,1
(starting,1
here!,1
set_delay,1
url_prefix_fn_kwd[];,1
ops2.reject,1
rectangles,1
*prstate,1
block->is_root(),1
\-x,\,1
vector),1
sugar),1
1-based,1
Compiler,1
\@ssm[Set[12,\,1
choice,1
Append,1
Living,1
\error(stack,\,1
dynamically,1
establish,1
\!=,\,1
\deeper,\,1
mingw(/gcc),1
123.456,1
'::',1
*static_cast<Supports_Condition_Ptr>(cond));,1
stringification,1
i->first,1
parse_conjunction,1
SCCEDI,1
seq1.first.is_a?(String),1
after_token,1
re-uses,1
doc,1
new_seq.add_sources!(sources,1
exposed,1
/(?:\n|\r\n?)/,1
below),1
L>,1
parse_selector_schema,1
sels),1
)*,1
nominator,1
Ocr,1
differentiate,1
Except,1
filename_schema,1
unescape,1
frontier,1
\important,\,1
5d2434bf,1
DIRECTIVES,1
100);,1
\value,\,1
`foo-calc`,1
3],1
key/value,1
succeeded,1
BUFFER,1
x/../y,1
\:else,\,1
'lO.OOO',1
182_test_nested_extend_loop,1
'rv',1
foo);,1
shorthand,1
\ARG("\$if-true"\,\,1
spec:,1
cuts,1
File,1
ocrad,1
debug_subset_map(subset_map);,1
Instead,1
(multiply),1
degrades,1
leverage,1
1st,1
exactly<'\f'>,1
Else,1
someday,1
Parent_Selector,1
unspecific,1
NAN_WEAK_H_,1
sub-expressions,1
acts,1
logic;,1
finalize,1
\"\\n"\;\,1
Obj,1
`lexed`,1
yourself,1
\arg,\,1
period,1
\[tilde_sel,\,1
seq.members},1
'ri',1
ahead),1
\"\&{Add-Type\,1
backtrace,1
macro),1
Most,1
firstPerm.plus(twoCloned);,1
\"\/"\;\,1
subject?),1
headed,1
comment(const,1
locigal,1
\"\->"\,\,1
\"\array"\\,1
i-dots,1
pos.column;,1
counting,1
Warnings,1
$stderr.puts,1
Let,1
\"\P5"\\,1
ia,1
\[sel1,\,1
percentage,1
sheet,1
newElements,1
lowest,1
\subweave(seq1,\,1
resolve_includes,1
pseudo-element,1
PATH,1
Context_Options,1
15]],1
v0.8.27,1
'O',1
{|c|,1
(?!\{),1
that's,1
`16px/24px`),1
i;,1
\something(Args().foo("\hey"\).bar(3));\,1
r->block(),1
\"\prior"\\,1
\"\%"\)\,1
HEX,1
[seq1],1
functions?),1
matched,1
(pass-trough),1
seq1.push,1
subclass,1
\DEBUG_PRINTLN(EXTEND_COMPLEX,\,1
\misterious,\,1
free(res.contents);,1
operator()(Bubble_Ptr);,1
block->update_pstate(pstate);,1
enforce),1
'x'),1
1.9,1
group.map,1
(divide),1
built,1
Persistent,1
Semicolon-separated,1
proper,1
extender,1
profile,1
\"\A1bp|"\\,1
\SASS_MEMORY_NEW(String_Constant,\,1
verbose,1
NAN_OBJECT_WRAP_H_,1
0x000,1
scss),1
symbol,1
complexSelectorHasExtension,1
exacly,1
MANIPULATION,1
\{|e,\,1
seq2.push,1
(this->is_root_node(parent)),1
seq.specificity].max,1
parent_->print(prefix),1
\permitted,\,1
maintain,1
hue,1
\U+FDD0..U+FDEF,\,1
'j',1
(may,1
\left,top\,1
colons),1
NODE_MAJOR_VERSION,1
x.y,1
forming,1
seq,1
marker,1
registered,1
gracefully,1
prefered,1
NAN_JSON_H_,1
/\\./,1
\neq,\,1
\seq1,\,1
flattening,1
Bug,1
../,1
out?),1
truncated,1
NL(const,1
easier),1
NAN_CALLBACKS_12_INL_H_,1
RO,1
(on,1
\SELECTOR"\)\,1
--i,1
/(?!literal)/,1
\end_of_file,\,1
quotes),1
\parameter,\,1
copy/move,1
\msg,\,1
\Set[14,\,1
2]],1
https://github.com/nodejs/nan/issues/832,1
\results.contains(newSelector,\,1
precede,1
selectors),1
\ARG("\$if-false"\,\,1
\@ssm.get(Set["\fizz"\])\,1
aware,1
\object,\,1
post,1
non-node,1
s[i]),1
LIST,1
Refactor,1
BEGIN,1
lhs.combinator,1
to_sass,1
Will,1
dont,1
bit),1
group_selectors(seq2),1
comply,1
\string"\));\,1
(directly,1
Here,1
part;,1
(of,1
[Enumerable],1
belongs,1
sharp,1
\factors,\,1
'<p>';},1
\:warn,\,1
OCRAD_colormap,1
Such,1
puts,1
doing..,1
newSelector,1
lset,1
stub,1
dart,1
\combinator?"\\,1
Null,1
private:,1
everything..,1
).size(),1
\special,\,1
ijÑñ!%:;=?|¡ª±º¿ÁÉÍÓÚÀÈÌÒÙÂÊÎÔÛáéíóúàèìòùâêîôûÅå,1
(unit,1
2.14.0:,1
parsing/storing,1
darken,1
descendents,1
At,1
\[max_spec,\,1
assumes,1
holepv.size(),1
native,1
token),1
\`"\\,1
#ifdef,1
'/',1
@uc,1
v8::String::REPLACE_INVALID_UTF8,1
strdup,1
\throw(std::runtime_error("\Data\,1
qualifier,1
compiling,1
keyf(const,1
appearance,1
Module,1
\dimensions,\,1
NAN_TYPEDARRAY_CONTENTS_H_,1
of),1
brackets,1
L),1
\(pbm),\,1
NAN_NEW_H_,1
Where,1
!this->strictly_includes(,1
'III',1
twoCloned,1
AT,1
become,1
component,1
charactes,1
eol,1
bom,1
Precision,1
scoping,1
s.merge,1
`(A,1
\style,\,1
track,1
\error("\argument\,1
tracking,1
one_plus<,1
\:debug,\,1
Wrapping,1
memoizeCompound;,1
\"\`\,1
/(?:$mx)\b/i,1
Notes,1
paramaters,1
C++11's,1
\percentages,\,1
operator()(Return_Ptr);,1
\sample,\,1
http://www.boost.org/doc/libs/1_35_0/doc/html/hash/combine.html,1
two),1
BSD-style,1
floats,1
'*';,1
(var,1
start_of_string(const,1
encompassed,1
transfer,1
6.0,1
\tabs,\,1
thru,1
bad,1
pure,1
(!inside_str,1
indeed),1
\`enum.group_by.to_a`,\,1
/[axy]+/,1
std::unordered_map,1
linebreak,1
temporaries,1
...`),1
efficient,1
(too,1
symlink,1
eventually,1
CONSTRUCTS,1
out),1
macro-expanded,1
\:bar]],\,1
typed,1
<sstream>,1
advantage,1
RUBY??:,1
NAN_MAYBE_PRE_43_INL_H_,1
tmpnr.value(tmpnr.value(),1
v;,1
independant,1
rhs;,1
maybe_letter(),1
line_end,1
deprecated(std::string,1
\:extend,\,1
BEM,1
srcmap_c_str,1
/(?:x)/i,1
Setting,1
/*,1
intermixed,1
\[in_declaration]"\;\,1
Basic,1
has_reference),1
getline,1
register_overload_stub(std::string,1
deadlock,1
\"\\\a"\).gsub("\\n"\,\,1
str),1
Sequence.weave,1
operate,1
equivalency,1
peak,1
rectangle_vector,1
@ssm[Set[11]],1
@yieldreturn,1
IOJS_2_0_MODULE_VERSION,1
\"\sub-block"\\,1
params->length(),1
ambiguities,1
NAN_STRING_BYTES_H_,1
vertically,1
`foocalc`,1
\"\sources"\\,1
bitmap(),1
klone,1
1110,1
32-bit,1
\debug_ast(set[pair],\,1
\Node>(pSelector,\,1
`px1px`),1
1)),1
evaluating,1
Nan,1
taller,1
/(?![\*\/]),1
_specificity(seq2),1
(*end_right,1
\"\Bang"\\,1
(only,1
escaping,1
style_sheet,1
Allow,1
(1),1
contributors:,1
U>,1
!has_placeholder,1
0.10,1
optimize),1
v0.10,1
\"\\u0000"\\,1
Upgrade,1
Locale,1
'FT',1
turns,1
their_version,1
+].include?(op1),1
dir),1
Key,1
x),1
Profiling,1
receivers,1
\Set[13,\,1
like:,1
uint32_t,1
(get,1
Passed,1
p->default_value()->perform(eval->with(env));,1
wraps,1
SharedImpl<type>,1
(callback),1
\p.blah,\,1
\collected,\,1
\12.2.0,\,1
construct,1
\std::runtime_error("\duplicate\,1
CSCEDI,1
PROXY,1
rr->tabs(r->block()->tabs());,1
hangs,1
`}`,1
ADVANCED,1
Wrap,1
msvs_large_pdb,1
seq2.dup,1
trace,1
\param,\,1
self_without_sel,1
functionality,1
4-byte,1
AST_Node(AST_Node&,1
\#{rejected}"\\,1
\"\width"\\,1
KEEP_COMMENT:,1
Fourth,1
'*'),1
sass_interface,1
:error],1
\"\Import\,1
ordered,1
deallocate,1
Output,1
\portable,\,1
\(trace.caller.substr(0,\,1
0xd800,1
follows,1
mechanism,1
special_fn:,1
subset,1
User,1
PRNG,1
ordinary,1
Produce,1
OCR,1
\span,\,1
/(?:literal)/i,1
Variable,1
\CR,\,1
1px,1
JSON_BOOL,1
environmental,1
\operators,\,1
wait,1
separators,1
conventions,1
\course,\,1
\parser,\,1
huge,1
engine,1
Treat,1
`|`,1
consumes,1
looking,1
CompareNodes,1
\num,\,1
Assignments,1
(noise),1
encode.h,1
STRING),1
JSON_NULL,1
\:content,\,1
interpretation,1
coments),1
IMPL_MEM_OBJ(type),1
HandleScope,1
(p->default_value()),1
offset?),1
nil,1
\"\sel:\,1
\int,\,1
integer;,1
chars),1
(!*p),1
'n',1
px/px),1
hsla,1
sass_copy_c_string(stream.str().c_str());,1
\ruby,\,1
determined,1
specially,1
25,1
occurences,1
find_placeholder();,1
(*scalars)[0];,1
\"\!"\\,1
canceled,1
Reverse,1
simultaneously,1
https://stackoverflow.com/a/9356203/1550314,1
potential,1
Rationals,1
:after),1
(A,1
pToConvert->tail()->has_line_feed(pToConvert->has_line_feed());,1
\b.width(),\,1
sass_value,1
3.4:,1
\"\[f]2"\))\,1
<https://github.com/TooTallNate>,1
Nan::Maybe<T>,1
Cast<Selector_List>(a->selector());,1
differ,1
`(feature:,1
corresponding,1
AST_Node,1
insert,1
May,1
NUMBER,1
'rm',1
`in_at_root`,1
operator()(Mixin_Call_Ptr);,1
line-feeds,1
{@ssm[Set[]],1
careful,1
end_right,1
SimpleSequence.sources,1
specialization,1
memoized,1
\"\--"\\,1
(ignore,1
operator()(If_Ptr);,1
\"\REJECTED:\,1
\[5,\,1
sad,1
FIXME:,1
practical,1
help,1
ever,1
BUILT_IN(sass_if),1
seq2.first.is_a?(String),1
`#{3}+3`,1
d,1
in_braces,1
is_root,1
1.5,1
\:first-child,\,1
\'(',\,1
flaky,1
parenthesized,1
/(?:literal)/,1
lcs.empty,1
radius,1
Long,1
internaly,1
destroyd),1
\stderr,\,1
Callback,1
rtrim,1
\sheets,\,1
NAN_CONVERTERS_H_,1
maintaining,1
LibSass,1
off.line,1
Cast<Expression>(node);,1
\seq1.dup,\,1
retuned,1
Declarations,1
`10%4px`,1
good,1
=========================================================,1
prone,1
\"\["\\,1
Krufky,1
unconnected,1
recreate,1
\"\:right"\)\,1
add_open_mapping((*g)[i]->last());,1
operator()(Assignment_Ptr);,1
locate,1
invalid_import_parent(Statement_Ptr);,1
exactly<'\n'>,1
\exactly<'\n'>,\,1
b|,1
long-only,1
afterall,1
\flags,\,1
has_placeholder(true);,1
Hash,1
interchanging,1
pass-through,1
fill_hole(,1
x:,1
OCRAD_bitmap,1
\"\#{'_\a'\,1
options;,1
Studio,1
#1048:,1
colour,1
lookahead),1
Rajlich,1
HELPER,1
(!skipped,1
sass-spec's,1
fallback(U,1
lex_single_line_comment())),1
line_beg,1
textual,1
\iterators,\,1
/(?:FOO|BAR)/,1
(i,1
\:bar]]],\,1
Some,1
\and,\,1
\allowed,\,1
white-,1
Input_Stubs,1
`kwd_supports_directive`,1
degree,1
mt19937,1
sel->has_line_feed(true);,1
`2px-2px`,1
wire,1
\defined,\,1
tilde_sel.superselector?(plus_sel),1
browser,1
off),1
(various,1
Without,1
known,1
thunk,1
zone,1
load_path,1
.,1
sorting,1
Parameter_Obj,1
feature),1
Media_Blocks,1
Exceptions,1
horizontal,1
satisfy,1
\quotes,\,1
parse_media_expression,1
&block),1
U+0000..U+10FFFF,1
(functional/hash):,1
lighten,1
srcmap),1
`hash_combine`,1
ALREADY:,1
holders,1
Unknown,1
\Sequence,\,1
seen),1
(characters),1
/(?:x)/,1
$re_quoted,1
fault,1
\expressions"\\,1
caused,1
\expressive,\,1
signed,1
0.5,1
cleanup,1
At-root,1
floating,1
https://github.com/node4good/windows-autoconf,1
cleared,1
